{
  "best_epoch": 110,
  "peak_cpu_memory_MB": 691.9,
  "training_duration": "0:04:24.344294",
  "training_start_epoch": 0,
  "training_epochs": 166,
  "epoch": 166,
  "training_accuracy": 1.0,
  "training_accuracy3": 1.0,
  "training_precision-overall": 0.9999999999999938,
  "training_recall-overall": 0.9999999999999938,
  "training_f1-measure-overall": 0.9999999999999438,
  "training_loss": 3.532088279724121,
  "training_cpu_memory_MB": 691.9,
  "validation_accuracy": 1.0,
  "validation_accuracy3": 1.0,
  "validation_precision-overall": 0.9999999999999938,
  "validation_recall-overall": 0.9999999999999938,
  "validation_f1-measure-overall": 0.9999999999999438,
  "validation_loss": 3.322509765625,
  "best_validation_accuracy": 1.0,
  "best_validation_accuracy3": 1.0,
  "best_validation_precision-overall": 0.9999999999999938,
  "best_validation_recall-overall": 0.9999999999999938,
  "best_validation_f1-measure-overall": 0.9999999999999438,
  "best_validation_loss": 12.530029296875
}