{
  "best_epoch": 110,
  "peak_cpu_memory_MB": 691.9,
  "training_duration": "0:03:54.152327",
  "training_start_epoch": 0,
  "training_epochs": 147,
  "epoch": 147,
  "training_accuracy": 1.0,
  "training_accuracy3": 1.0,
  "training_precision-overall": 0.9999999999999938,
  "training_recall-overall": 0.9999999999999938,
  "training_f1-measure-overall": 0.9999999999999438,
  "training_loss": 8.188253402709961,
  "training_cpu_memory_MB": 691.9,
  "validation_accuracy": 1.0,
  "validation_accuracy3": 1.0,
  "validation_precision-overall": 0.9999999999999938,
  "validation_recall-overall": 0.9999999999999938,
  "validation_f1-measure-overall": 0.9999999999999438,
  "validation_loss": 7.6846923828125,
  "best_validation_accuracy": 1.0,
  "best_validation_accuracy3": 1.0,
  "best_validation_precision-overall": 0.9999999999999938,
  "best_validation_recall-overall": 0.9999999999999938,
  "best_validation_f1-measure-overall": 0.9999999999999438,
  "best_validation_loss": 12.530029296875
}