{
  "best_epoch": 70,
  "peak_cpu_memory_MB": 691.748,
  "training_duration": "0:02:07.364702",
  "training_start_epoch": 0,
  "training_epochs": 79,
  "epoch": 79,
  "training_accuracy": 0.9647058823529412,
  "training_accuracy3": 1.0,
  "training_precision-overall": 0.9999999999999923,
  "training_recall-overall": 0.812499999999995,
  "training_f1-measure-overall": 0.8965517241378755,
  "training_loss": 33.565879821777344,
  "training_cpu_memory_MB": 691.748,
  "validation_accuracy": 0.9529411764705882,
  "validation_accuracy3": 0.9882352941176471,
  "validation_precision-overall": 0.9166666666666591,
  "validation_recall-overall": 0.6874999999999958,
  "validation_f1-measure-overall": 0.7857142857142312,
  "validation_loss": 45.8409423828125,
  "best_validation_accuracy": 0.9647058823529412,
  "best_validation_accuracy3": 1.0,
  "best_validation_precision-overall": 0.9999999999999923,
  "best_validation_recall-overall": 0.812499999999995,
  "best_validation_f1-measure-overall": 0.8965517241378755,
  "best_validation_loss": 56.1451416015625
}