{
  "best_epoch": 110,
  "peak_cpu_memory_MB": 691.9,
  "training_duration": "0:04:58.886173",
  "training_start_epoch": 0,
  "training_epochs": 188,
  "epoch": 188,
  "training_accuracy": 0.9764705882352941,
  "training_accuracy3": 0.9941176470588236,
  "training_precision-overall": 0.8333333333333287,
  "training_recall-overall": 0.9374999999999942,
  "training_f1-measure-overall": 0.8823529411764157,
  "training_loss": 16.22751808166504,
  "training_cpu_memory_MB": 691.9,
  "validation_accuracy": 1.0,
  "validation_accuracy3": 1.0,
  "validation_precision-overall": 0.9999999999999938,
  "validation_recall-overall": 0.9999999999999938,
  "validation_f1-measure-overall": 0.9999999999999438,
  "validation_loss": 2.7056884765625,
  "best_validation_accuracy": 1.0,
  "best_validation_accuracy3": 1.0,
  "best_validation_precision-overall": 0.9999999999999938,
  "best_validation_recall-overall": 0.9999999999999938,
  "best_validation_f1-measure-overall": 0.9999999999999438,
  "best_validation_loss": 12.530029296875
}