{
  "best_epoch": 40,
  "peak_cpu_memory_MB": 691.748,
  "training_duration": "0:01:04.416572",
  "training_start_epoch": 0,
  "training_epochs": 40,
  "epoch": 40,
  "training_accuracy": 0.7588235294117647,
  "training_accuracy3": 0.8117647058823529,
  "training_precision-overall": 0.0,
  "training_recall-overall": 0.0,
  "training_f1-measure-overall": 0.0,
  "training_loss": 131.15318298339844,
  "training_cpu_memory_MB": 691.748,
  "validation_accuracy": 0.8823529411764706,
  "validation_accuracy3": 0.9235294117647059,
  "validation_precision-overall": 0.4999999999999938,
  "validation_recall-overall": 0.24999999999999845,
  "validation_f1-measure-overall": 0.33333333333328613,
  "validation_loss": 118.82748413085938,
  "best_validation_accuracy": 0.8823529411764706,
  "best_validation_accuracy3": 0.9235294117647059,
  "best_validation_precision-overall": 0.4999999999999938,
  "best_validation_recall-overall": 0.24999999999999845,
  "best_validation_f1-measure-overall": 0.33333333333328613,
  "best_validation_loss": 118.82748413085938
}