{
  "best_epoch": 110,
  "peak_cpu_memory_MB": 691.9,
  "training_duration": "0:04:55.987092",
  "training_start_epoch": 0,
  "training_epochs": 186,
  "epoch": 186,
  "training_accuracy": 0.9941176470588236,
  "training_accuracy3": 1.0,
  "training_precision-overall": 0.9411764705882298,
  "training_recall-overall": 0.9999999999999938,
  "training_f1-measure-overall": 0.969696969696914,
  "training_loss": 24.903545379638672,
  "training_cpu_memory_MB": 691.9,
  "validation_accuracy": 1.0,
  "validation_accuracy3": 1.0,
  "validation_precision-overall": 0.9999999999999938,
  "validation_recall-overall": 0.9999999999999938,
  "validation_f1-measure-overall": 0.9999999999999438,
  "validation_loss": 6.524169921875,
  "best_validation_accuracy": 1.0,
  "best_validation_accuracy3": 1.0,
  "best_validation_precision-overall": 0.9999999999999938,
  "best_validation_recall-overall": 0.9999999999999938,
  "best_validation_f1-measure-overall": 0.9999999999999438,
  "best_validation_loss": 12.530029296875
}