{
  "best_epoch": 70,
  "peak_cpu_memory_MB": 691.748,
  "training_duration": "0:02:33.010226",
  "training_start_epoch": 0,
  "training_epochs": 96,
  "epoch": 96,
  "training_accuracy": 0.9764705882352941,
  "training_accuracy3": 0.9882352941176471,
  "training_precision-overall": 0.8749999999999946,
  "training_recall-overall": 0.8749999999999946,
  "training_f1-measure-overall": 0.8749999999999446,
  "training_loss": 18.870769500732422,
  "training_cpu_memory_MB": 691.748,
  "validation_accuracy": 0.9647058823529412,
  "validation_accuracy3": 1.0,
  "validation_precision-overall": 0.9999999999999923,
  "validation_recall-overall": 0.812499999999995,
  "validation_f1-measure-overall": 0.8965517241378755,
  "validation_loss": 16.1876220703125,
  "best_validation_accuracy": 0.9647058823529412,
  "best_validation_accuracy3": 1.0,
  "best_validation_precision-overall": 0.9999999999999923,
  "best_validation_recall-overall": 0.812499999999995,
  "best_validation_f1-measure-overall": 0.8965517241378755,
  "best_validation_loss": 56.1451416015625
}