{
  "best_epoch": 52,
  "peak_cpu_memory_MB": 691.748,
  "training_duration": "0:01:23.069102",
  "training_start_epoch": 0,
  "training_epochs": 52,
  "epoch": 52,
  "training_accuracy": 0.9058823529411765,
  "training_accuracy3": 0.9411764705882353,
  "training_precision-overall": 0.5384615384615343,
  "training_recall-overall": 0.4374999999999973,
  "training_f1-measure-overall": 0.48275862068960235,
  "training_loss": 99.74241638183594,
  "training_cpu_memory_MB": 691.748,
  "validation_accuracy": 0.9352941176470588,
  "validation_accuracy3": 0.9647058823529412,
  "validation_precision-overall": 0.7142857142857092,
  "validation_recall-overall": 0.6249999999999961,
  "validation_f1-measure-overall": 0.6666666666666125,
  "validation_loss": 93.13276672363281,
  "best_validation_accuracy": 0.9352941176470588,
  "best_validation_accuracy3": 0.9647058823529412,
  "best_validation_precision-overall": 0.7142857142857092,
  "best_validation_recall-overall": 0.6249999999999961,
  "best_validation_f1-measure-overall": 0.6666666666666125,
  "best_validation_loss": 93.13276672363281
}