{
  "best_epoch": 110,
  "peak_cpu_memory_MB": 691.9,
  "training_duration": "0:03:31.436435",
  "training_start_epoch": 0,
  "training_epochs": 132,
  "epoch": 132,
  "training_accuracy": 0.9882352941176471,
  "training_accuracy3": 0.9941176470588236,
  "training_precision-overall": 0.9374999999999942,
  "training_recall-overall": 0.9374999999999942,
  "training_f1-measure-overall": 0.9374999999999444,
  "training_loss": 2730.230224609375,
  "training_cpu_memory_MB": 691.9,
  "validation_accuracy": 0.9058823529411765,
  "validation_accuracy3": 0.9411764705882353,
  "validation_precision-overall": 0.4999999999999969,
  "validation_recall-overall": 0.4999999999999969,
  "validation_f1-measure-overall": 0.49999999999994693,
  "validation_loss": 4826.6318359375,
  "best_validation_accuracy": 1.0,
  "best_validation_accuracy3": 1.0,
  "best_validation_precision-overall": 0.9999999999999938,
  "best_validation_recall-overall": 0.9999999999999938,
  "best_validation_f1-measure-overall": 0.9999999999999438,
  "best_validation_loss": 12.530029296875
}