{
  "best_epoch": 110,
  "peak_cpu_memory_MB": 691.748,
  "training_duration": "0:02:58.436747",
  "training_start_epoch": 0,
  "training_epochs": 111,
  "epoch": 111,
  "training_accuracy": 1.0,
  "training_accuracy3": 1.0,
  "training_precision-overall": 0.9999999999999938,
  "training_recall-overall": 0.9999999999999938,
  "training_f1-measure-overall": 0.9999999999999438,
  "training_loss": 14.873557090759277,
  "training_cpu_memory_MB": 691.748,
  "validation_accuracy": 1.0,
  "validation_accuracy3": 1.0,
  "validation_precision-overall": 0.9999999999999938,
  "validation_recall-overall": 0.9999999999999938,
  "validation_f1-measure-overall": 0.9999999999999438,
  "validation_loss": 11.767578125,
  "best_validation_accuracy": 1.0,
  "best_validation_accuracy3": 1.0,
  "best_validation_precision-overall": 0.9999999999999938,
  "best_validation_recall-overall": 0.9999999999999938,
  "best_validation_f1-measure-overall": 0.9999999999999438,
  "best_validation_loss": 12.530029296875
}