{
  "best_epoch": 41,
  "peak_cpu_memory_MB": 691.748,
  "training_duration": "0:01:07.316628",
  "training_start_epoch": 0,
  "training_epochs": 42,
  "epoch": 42,
  "training_accuracy": 0.9,
  "training_accuracy3": 0.9352941176470588,
  "training_precision-overall": 0.5833333333333285,
  "training_recall-overall": 0.4374999999999973,
  "training_f1-measure-overall": 0.4999999999999476,
  "training_loss": 132.54513549804688,
  "training_cpu_memory_MB": 691.748,
  "validation_accuracy": 0.8941176470588236,
  "validation_accuracy3": 0.9411764705882353,
  "validation_precision-overall": 0.5384615384615343,
  "validation_recall-overall": 0.4374999999999973,
  "validation_f1-measure-overall": 0.48275862068960235,
  "validation_loss": 129.05575561523438,
  "best_validation_accuracy": 0.9176470588235294,
  "best_validation_accuracy3": 0.9529411764705882,
  "best_validation_precision-overall": 0.6153846153846106,
  "best_validation_recall-overall": 0.4999999999999969,
  "best_validation_f1-measure-overall": 0.5517241379309814,
  "best_validation_loss": 128.3121337890625
}