{
  "best_epoch": 110,
  "peak_cpu_memory_MB": 691.9,
  "training_duration": "0:03:58.855219",
  "training_start_epoch": 0,
  "training_epochs": 149,
  "epoch": 149,
  "training_accuracy": 0.9823529411764705,
  "training_accuracy3": 0.9823529411764705,
  "training_precision-overall": 0.8823529411764655,
  "training_recall-overall": 0.9374999999999942,
  "training_f1-measure-overall": 0.9090909090908537,
  "training_loss": 17.382780075073242,
  "training_cpu_memory_MB": 691.9,
  "validation_accuracy": 1.0,
  "validation_accuracy3": 1.0,
  "validation_precision-overall": 0.9999999999999938,
  "validation_recall-overall": 0.9999999999999938,
  "validation_f1-measure-overall": 0.9999999999999438,
  "validation_loss": 6.9771728515625,
  "best_validation_accuracy": 1.0,
  "best_validation_accuracy3": 1.0,
  "best_validation_precision-overall": 0.9999999999999938,
  "best_validation_recall-overall": 0.9999999999999938,
  "best_validation_f1-measure-overall": 0.9999999999999438,
  "best_validation_loss": 12.530029296875
}