{
  "best_epoch": 110,
  "peak_cpu_memory_MB": 691.748,
  "training_duration": "0:02:56.956764",
  "training_start_epoch": 0,
  "training_epochs": 110,
  "epoch": 110,
  "training_accuracy": 0.9764705882352941,
  "training_accuracy3": 0.9882352941176471,
  "training_precision-overall": 0.8749999999999946,
  "training_recall-overall": 0.8749999999999946,
  "training_f1-measure-overall": 0.8749999999999446,
  "training_loss": 29.502952575683594,
  "training_cpu_memory_MB": 691.748,
  "validation_accuracy": 1.0,
  "validation_accuracy3": 1.0,
  "validation_precision-overall": 0.9999999999999938,
  "validation_recall-overall": 0.9999999999999938,
  "validation_f1-measure-overall": 0.9999999999999438,
  "validation_loss": 12.530029296875,
  "best_validation_accuracy": 1.0,
  "best_validation_accuracy3": 1.0,
  "best_validation_precision-overall": 0.9999999999999938,
  "best_validation_recall-overall": 0.9999999999999938,
  "best_validation_f1-measure-overall": 0.9999999999999438,
  "best_validation_loss": 12.530029296875
}