{
  "best_epoch": 0,
  "peak_cpu_memory_MB": 470.548,
  "training_duration": "0:00:01.228766",
  "training_start_epoch": 0,
  "training_epochs": 0,
  "epoch": 0,
  "training_accuracy": 0.07058823529411765,
  "training_accuracy3": 0.12352941176470589,
  "training_precision-overall": 0.011627906976744172,
  "training_recall-overall": 0.06249999999999961,
  "training_f1-measure-overall": 0.01960784313722841,
  "training_loss": 404.0736083984375,
  "training_cpu_memory_MB": 470.548,
  "validation_accuracy": 0.07058823529411765,
  "validation_accuracy3": 0.12352941176470589,
  "validation_precision-overall": 0.011627906976744172,
  "validation_recall-overall": 0.06249999999999961,
  "validation_f1-measure-overall": 0.01960784313722841,
  "validation_loss": 392.6410827636719,
  "best_validation_accuracy": 0.07058823529411765,
  "best_validation_accuracy3": 0.12352941176470589,
  "best_validation_precision-overall": 0.011627906976744172,
  "best_validation_recall-overall": 0.06249999999999961,
  "best_validation_f1-measure-overall": 0.01960784313722841,
  "best_validation_loss": 392.6410827636719
}