{
  "best_epoch": 0,
  "peak_cpu_memory_MB": 669.868,
  "training_duration": "0:00:05.281233",
  "training_start_epoch": 0,
  "training_epochs": 3,
  "epoch": 3,
  "training_accuracy": 0.6352941176470588,
  "training_accuracy3": 0.6941176470588235,
  "training_precision-overall": 0.0,
  "training_recall-overall": 0.0,
  "training_f1-measure-overall": 0.0,
  "training_loss": 309.70855712890625,
  "training_cpu_memory_MB": 669.868,
  "validation_accuracy": 0.6705882352941176,
  "validation_accuracy3": 0.7294117647058823,
  "validation_precision-overall": 0.0,
  "validation_recall-overall": 0.0,
  "validation_f1-measure-overall": 0.0,
  "validation_loss": 329.7047119140625,
  "best_validation_accuracy": 0.07058823529411765,
  "best_validation_accuracy3": 0.12352941176470589,
  "best_validation_precision-overall": 0.011627906976744172,
  "best_validation_recall-overall": 0.06249999999999961,
  "best_validation_f1-measure-overall": 0.01960784313722841,
  "best_validation_loss": 392.6410827636719
}