{
  "best_epoch": 67,
  "peak_cpu_memory_MB": 691.748,
  "training_duration": "0:01:46.493318",
  "training_start_epoch": 0,
  "training_epochs": 67,
  "epoch": 67,
  "training_accuracy": 0.9411764705882353,
  "training_accuracy3": 0.9764705882352941,
  "training_precision-overall": 0.7692307692307634,
  "training_recall-overall": 0.6249999999999961,
  "training_f1-measure-overall": 0.689655172413739,
  "training_loss": 53.99898910522461,
  "training_cpu_memory_MB": 691.748,
  "validation_accuracy": 0.9529411764705882,
  "validation_accuracy3": 0.9882352941176471,
  "validation_precision-overall": 0.9166666666666591,
  "validation_recall-overall": 0.6874999999999958,
  "validation_f1-measure-overall": 0.7857142857142312,
  "validation_loss": 45.39141845703125,
  "best_validation_accuracy": 0.9529411764705882,
  "best_validation_accuracy3": 0.9882352941176471,
  "best_validation_precision-overall": 0.9166666666666591,
  "best_validation_recall-overall": 0.6874999999999958,
  "best_validation_f1-measure-overall": 0.7857142857142312,
  "best_validation_loss": 45.39141845703125
}