{
  "best_epoch": 69,
  "peak_cpu_memory_MB": 691.748,
  "training_duration": "0:01:51.430726",
  "training_start_epoch": 0,
  "training_epochs": 69,
  "epoch": 69,
  "training_accuracy": 0.9529411764705882,
  "training_accuracy3": 0.9882352941176471,
  "training_precision-overall": 0.9166666666666591,
  "training_recall-overall": 0.6874999999999958,
  "training_f1-measure-overall": 0.7857142857142312,
  "training_loss": 50.544578552246094,
  "training_cpu_memory_MB": 691.748,
  "validation_accuracy": 0.9588235294117647,
  "validation_accuracy3": 0.9941176470588236,
  "validation_precision-overall": 0.9999999999999917,
  "validation_recall-overall": 0.7499999999999953,
  "validation_f1-measure-overall": 0.857142857142802,
  "validation_loss": 40.4005126953125,
  "best_validation_accuracy": 0.9588235294117647,
  "best_validation_accuracy3": 0.9941176470588236,
  "best_validation_precision-overall": 0.9999999999999917,
  "best_validation_recall-overall": 0.7499999999999953,
  "best_validation_f1-measure-overall": 0.857142857142802,
  "best_validation_loss": 40.4005126953125
}