{
  "best_epoch": 67,
  "peak_cpu_memory_MB": 691.748,
  "training_duration": "0:01:47.929329",
  "training_start_epoch": 0,
  "training_epochs": 68,
  "epoch": 68,
  "training_accuracy": 0.9529411764705882,
  "training_accuracy3": 0.9823529411764705,
  "training_precision-overall": 0.7857142857142801,
  "training_recall-overall": 0.6874999999999958,
  "training_f1-measure-overall": 0.7333333333332789,
  "training_loss": 48.61935043334961,
  "training_cpu_memory_MB": 691.748,
  "validation_accuracy": 0.9529411764705882,
  "validation_accuracy3": 0.9882352941176471,
  "validation_precision-overall": 0.9166666666666591,
  "validation_recall-overall": 0.6874999999999958,
  "validation_f1-measure-overall": 0.7857142857142312,
  "validation_loss": 42.539794921875,
  "best_validation_accuracy": 0.9529411764705882,
  "best_validation_accuracy3": 0.9882352941176471,
  "best_validation_precision-overall": 0.9166666666666591,
  "best_validation_recall-overall": 0.6874999999999958,
  "best_validation_f1-measure-overall": 0.7857142857142312,
  "best_validation_loss": 45.39141845703125
}