{
  "best_epoch": 41,
  "peak_cpu_memory_MB": 691.748,
  "training_duration": "0:01:15.464122",
  "training_start_epoch": 0,
  "training_epochs": 48,
  "epoch": 48,
  "training_accuracy": 0.7941176470588235,
  "training_accuracy3": 0.8470588235294118,
  "training_precision-overall": 0.0,
  "training_recall-overall": 0.0,
  "training_f1-measure-overall": 0.0,
  "training_loss": 116.67833709716797,
  "training_cpu_memory_MB": 691.748,
  "validation_accuracy": 0.8294117647058824,
  "validation_accuracy3": 0.8647058823529412,
  "validation_precision-overall": 0.099999999999999,
  "validation_recall-overall": 0.06249999999999961,
  "validation_f1-measure-overall": 0.076923076923029,
  "validation_loss": 108.91119384765625,
  "best_validation_accuracy": 0.9176470588235294,
  "best_validation_accuracy3": 0.9529411764705882,
  "best_validation_precision-overall": 0.6153846153846106,
  "best_validation_recall-overall": 0.4999999999999969,
  "best_validation_f1-measure-overall": 0.5517241379309814,
  "best_validation_loss": 128.3121337890625
}