{
  "best_epoch": 110,
  "peak_cpu_memory_MB": 691.9,
  "training_duration": "0:04:54.612444",
  "training_start_epoch": 0,
  "training_epochs": 185,
  "epoch": 185,
  "training_accuracy": 0.9588235294117647,
  "training_accuracy3": 0.9588235294117647,
  "training_precision-overall": 0.8333333333333287,
  "training_recall-overall": 0.9374999999999942,
  "training_f1-measure-overall": 0.8823529411764157,
  "training_loss": 125.49388122558594,
  "training_cpu_memory_MB": 691.9,
  "validation_accuracy": 1.0,
  "validation_accuracy3": 1.0,
  "validation_precision-overall": 0.9999999999999938,
  "validation_recall-overall": 0.9999999999999938,
  "validation_f1-measure-overall": 0.9999999999999438,
  "validation_loss": 14.760986328125,
  "best_validation_accuracy": 1.0,
  "best_validation_accuracy3": 1.0,
  "best_validation_precision-overall": 0.9999999999999938,
  "best_validation_recall-overall": 0.9999999999999938,
  "best_validation_f1-measure-overall": 0.9999999999999438,
  "best_validation_loss": 12.530029296875
}