{
  "best_epoch": 0,
  "peak_cpu_memory_MB": 665.304,
  "training_duration": "0:00:02.636234",
  "training_start_epoch": 0,
  "training_epochs": 1,
  "epoch": 1,
  "training_accuracy": 0.052941176470588235,
  "training_accuracy3": 0.11176470588235295,
  "training_precision-overall": 0.0,
  "training_recall-overall": 0.0,
  "training_f1-measure-overall": 0.0,
  "training_loss": 392.62451171875,
  "training_cpu_memory_MB": 665.304,
  "validation_accuracy": 0.047058823529411764,
  "validation_accuracy3": 0.10588235294117647,
  "validation_precision-overall": 0.0,
  "validation_recall-overall": 0.0,
  "validation_f1-measure-overall": 0.0,
  "validation_loss": 375.6695556640625,
  "best_validation_accuracy": 0.07058823529411765,
  "best_validation_accuracy3": 0.12352941176470589,
  "best_validation_precision-overall": 0.011627906976744172,
  "best_validation_recall-overall": 0.06249999999999961,
  "best_validation_f1-measure-overall": 0.01960784313722841,
  "best_validation_loss": 392.6410827636719
}