{
  "best_epoch": 103,
  "peak_cpu_memory_MB": 691.748,
  "training_duration": "0:02:52.165508",
  "training_start_epoch": 0,
  "training_epochs": 108,
  "epoch": 108,
  "training_accuracy": 0.9647058823529412,
  "training_accuracy3": 0.9882352941176471,
  "training_precision-overall": 0.8666666666666609,
  "training_recall-overall": 0.812499999999995,
  "training_f1-measure-overall": 0.8387096774192996,
  "training_loss": 13.276754379272461,
  "training_cpu_memory_MB": 691.748,
  "validation_accuracy": 0.9647058823529412,
  "validation_accuracy3": 0.9941176470588236,
  "validation_precision-overall": 0.9285714285714219,
  "validation_recall-overall": 0.812499999999995,
  "validation_f1-measure-overall": 0.8666666666666113,
  "validation_loss": 12.283447265625,
  "best_validation_accuracy": 0.9941176470588236,
  "best_validation_accuracy3": 0.9941176470588236,
  "best_validation_precision-overall": 0.9999999999999933,
  "best_validation_recall-overall": 0.9374999999999942,
  "best_validation_f1-measure-overall": 0.9677419354838149,
  "best_validation_loss": 15.36126708984375
}