{
  "best_epoch": 56,
  "peak_cpu_memory_MB": 691.748,
  "training_duration": "0:01:40.996491",
  "training_start_epoch": 0,
  "training_epochs": 63,
  "epoch": 63,
  "training_accuracy": 0.9352941176470588,
  "training_accuracy3": 0.9647058823529412,
  "training_precision-overall": 0.7333333333333285,
  "training_recall-overall": 0.6874999999999958,
  "training_f1-measure-overall": 0.7096774193547842,
  "training_loss": 61.46830368041992,
  "training_cpu_memory_MB": 691.748,
  "validation_accuracy": 0.9411764705882353,
  "validation_accuracy3": 0.9764705882352941,
  "validation_precision-overall": 0.8461538461538397,
  "validation_recall-overall": 0.6874999999999958,
  "validation_f1-measure-overall": 0.7586206896551179,
  "validation_loss": 53.740234375,
  "best_validation_accuracy": 0.9411764705882353,
  "best_validation_accuracy3": 0.9705882352941176,
  "best_validation_precision-overall": 0.8461538461538397,
  "best_validation_recall-overall": 0.6874999999999958,
  "best_validation_f1-measure-overall": 0.7586206896551179,
  "best_validation_loss": 72.3638916015625
}