{
  "best_epoch": 110,
  "peak_cpu_memory_MB": 691.9,
  "training_duration": "0:03:51.475112",
  "training_start_epoch": 0,
  "training_epochs": 145,
  "epoch": 145,
  "training_accuracy": 0.9882352941176471,
  "training_accuracy3": 0.9882352941176471,
  "training_precision-overall": 0.9374999999999942,
  "training_recall-overall": 0.9374999999999942,
  "training_f1-measure-overall": 0.9374999999999444,
  "training_loss": 15.54530143737793,
  "training_cpu_memory_MB": 691.9,
  "validation_accuracy": 1.0,
  "validation_accuracy3": 1.0,
  "validation_precision-overall": 0.9999999999999938,
  "validation_recall-overall": 0.9999999999999938,
  "validation_f1-measure-overall": 0.9999999999999438,
  "validation_loss": 8.06396484375,
  "best_validation_accuracy": 1.0,
  "best_validation_accuracy3": 1.0,
  "best_validation_precision-overall": 0.9999999999999938,
  "best_validation_recall-overall": 0.9999999999999938,
  "best_validation_f1-measure-overall": 0.9999999999999438,
  "best_validation_loss": 12.530029296875
}