{
  "best_epoch": 110,
  "peak_cpu_memory_MB": 691.9,
  "training_duration": "0:03:15.644383",
  "training_start_epoch": 0,
  "training_epochs": 122,
  "epoch": 122,
  "training_accuracy": 0.9588235294117647,
  "training_accuracy3": 0.9941176470588236,
  "training_precision-overall": 0.9999999999999917,
  "training_recall-overall": 0.7499999999999953,
  "training_f1-measure-overall": 0.857142857142802,
  "training_loss": 12.132590293884277,
  "training_cpu_memory_MB": 691.9,
  "validation_accuracy": 0.9764705882352941,
  "validation_accuracy3": 1.0,
  "validation_precision-overall": 0.9999999999999929,
  "validation_recall-overall": 0.8749999999999946,
  "validation_f1-measure-overall": 0.9333333333332774,
  "validation_loss": 11.01806640625,
  "best_validation_accuracy": 1.0,
  "best_validation_accuracy3": 1.0,
  "best_validation_precision-overall": 0.9999999999999938,
  "best_validation_recall-overall": 0.9999999999999938,
  "best_validation_f1-measure-overall": 0.9999999999999438,
  "best_validation_loss": 12.530029296875
}