{
  "best_epoch": 110,
  "peak_cpu_memory_MB": 691.9,
  "training_duration": "0:03:32.780654",
  "training_start_epoch": 0,
  "training_epochs": 133,
  "epoch": 133,
  "training_accuracy": 0.9176470588235294,
  "training_accuracy3": 0.9529411764705882,
  "training_precision-overall": 0.599999999999996,
  "training_recall-overall": 0.5624999999999966,
  "training_f1-measure-overall": 0.580645161290269,
  "training_loss": 4545.103515625,
  "training_cpu_memory_MB": 691.9,
  "validation_accuracy": 0.9647058823529412,
  "validation_accuracy3": 1.0,
  "validation_precision-overall": 0.9999999999999923,
  "validation_recall-overall": 0.812499999999995,
  "validation_f1-measure-overall": 0.8965517241378755,
  "validation_loss": 1212.231201171875,
  "best_validation_accuracy": 1.0,
  "best_validation_accuracy3": 1.0,
  "best_validation_precision-overall": 0.9999999999999938,
  "best_validation_recall-overall": 0.9999999999999938,
  "best_validation_f1-measure-overall": 0.9999999999999438,
  "best_validation_loss": 12.530029296875
}