{
  "best_epoch": 41,
  "peak_cpu_memory_MB": 691.748,
  "training_duration": "0:01:05.912460",
  "training_start_epoch": 0,
  "training_epochs": 41,
  "epoch": 41,
  "training_accuracy": 0.888235294117647,
  "training_accuracy3": 0.9294117647058824,
  "training_precision-overall": 0.37499999999999534,
  "training_recall-overall": 0.18749999999999883,
  "training_f1-measure-overall": 0.24999999999995348,
  "training_loss": 127.64342498779297,
  "training_cpu_memory_MB": 691.748,
  "validation_accuracy": 0.9176470588235294,
  "validation_accuracy3": 0.9529411764705882,
  "validation_precision-overall": 0.6153846153846106,
  "validation_recall-overall": 0.4999999999999969,
  "validation_f1-measure-overall": 0.5517241379309814,
  "validation_loss": 128.3121337890625,
  "best_validation_accuracy": 0.9176470588235294,
  "best_validation_accuracy3": 0.9529411764705882,
  "best_validation_precision-overall": 0.6153846153846106,
  "best_validation_recall-overall": 0.4999999999999969,
  "best_validation_f1-measure-overall": 0.5517241379309814,
  "best_validation_loss": 128.3121337890625
}