{
  "best_epoch": 70,
  "peak_cpu_memory_MB": 691.748,
  "training_duration": "0:02:39.416056",
  "training_start_epoch": 0,
  "training_epochs": 99,
  "epoch": 99,
  "training_accuracy": 0.9411764705882353,
  "training_accuracy3": 0.9823529411764705,
  "training_precision-overall": 0.8571428571428511,
  "training_recall-overall": 0.7499999999999953,
  "training_f1-measure-overall": 0.799999999999945,
  "training_loss": 84.5402603149414,
  "training_cpu_memory_MB": 691.748,
  "validation_accuracy": 0.9411764705882353,
  "validation_accuracy3": 0.9647058823529412,
  "validation_precision-overall": 0.7499999999999938,
  "validation_recall-overall": 0.5624999999999966,
  "validation_f1-measure-overall": 0.6428571428570895,
  "validation_loss": 79.36968994140625,
  "best_validation_accuracy": 0.9647058823529412,
  "best_validation_accuracy3": 1.0,
  "best_validation_precision-overall": 0.9999999999999923,
  "best_validation_recall-overall": 0.812499999999995,
  "best_validation_f1-measure-overall": 0.8965517241378755,
  "best_validation_loss": 56.1451416015625
}