{
  "best_epoch": 56,
  "peak_cpu_memory_MB": 691.748,
  "training_duration": "0:01:43.696944",
  "training_start_epoch": 0,
  "training_epochs": 65,
  "epoch": 65,
  "training_accuracy": 0.9,
  "training_accuracy3": 0.9352941176470588,
  "training_precision-overall": 0.49999999999999645,
  "training_recall-overall": 0.4374999999999973,
  "training_f1-measure-overall": 0.46666666666661377,
  "training_loss": 66.37283325195312,
  "training_cpu_memory_MB": 691.748,
  "validation_accuracy": 0.9470588235294117,
  "validation_accuracy3": 0.9823529411764705,
  "validation_precision-overall": 0.8461538461538397,
  "validation_recall-overall": 0.6874999999999958,
  "validation_f1-measure-overall": 0.7586206896551179,
  "validation_loss": 51.14129638671875,
  "best_validation_accuracy": 0.9411764705882353,
  "best_validation_accuracy3": 0.9705882352941176,
  "best_validation_precision-overall": 0.8461538461538397,
  "best_validation_recall-overall": 0.6874999999999958,
  "best_validation_f1-measure-overall": 0.7586206896551179,
  "best_validation_loss": 72.3638916015625
}