{
  "best_epoch": 56,
  "peak_cpu_memory_MB": 691.748,
  "training_duration": "0:01:36.891412",
  "training_start_epoch": 0,
  "training_epochs": 60,
  "epoch": 60,
  "training_accuracy": 0.9529411764705882,
  "training_accuracy3": 0.9705882352941176,
  "training_precision-overall": 0.7058823529411723,
  "training_recall-overall": 0.7499999999999953,
  "training_f1-measure-overall": 0.7272727272726729,
  "training_loss": 81.22882843017578,
  "training_cpu_memory_MB": 691.748,
  "validation_accuracy": 0.9470588235294117,
  "validation_accuracy3": 0.9705882352941176,
  "validation_precision-overall": 0.7499999999999953,
  "validation_recall-overall": 0.7499999999999953,
  "validation_f1-measure-overall": 0.7499999999999454,
  "validation_loss": 57.80218505859375,
  "best_validation_accuracy": 0.9411764705882353,
  "best_validation_accuracy3": 0.9705882352941176,
  "best_validation_precision-overall": 0.8461538461538397,
  "best_validation_recall-overall": 0.6874999999999958,
  "best_validation_f1-measure-overall": 0.7586206896551179,
  "best_validation_loss": 72.3638916015625
}