{
  "best_epoch": 51,
  "peak_cpu_memory_MB": 691.748,
  "training_duration": "0:01:21.642887",
  "training_start_epoch": 0,
  "training_epochs": 51,
  "epoch": 51,
  "training_accuracy": 0.8588235294117647,
  "training_accuracy3": 0.8941176470588236,
  "training_precision-overall": 0.27272727272727026,
  "training_recall-overall": 0.18749999999999883,
  "training_f1-measure-overall": 0.2222222222221723,
  "training_loss": 102.7401123046875,
  "training_cpu_memory_MB": 691.748,
  "validation_accuracy": 0.9352941176470588,
  "validation_accuracy3": 0.9588235294117647,
  "validation_precision-overall": 0.692307692307687,
  "validation_recall-overall": 0.5624999999999966,
  "validation_f1-measure-overall": 0.6206896551723601,
  "validation_loss": 95.17729187011719,
  "best_validation_accuracy": 0.9352941176470588,
  "best_validation_accuracy3": 0.9588235294117647,
  "best_validation_precision-overall": 0.692307692307687,
  "best_validation_recall-overall": 0.5624999999999966,
  "best_validation_f1-measure-overall": 0.6206896551723601,
  "best_validation_loss": 95.17729187011719
}