{
  "best_epoch": 56,
  "peak_cpu_memory_MB": 691.748,
  "training_duration": "0:01:39.625033",
  "training_start_epoch": 0,
  "training_epochs": 62,
  "epoch": 62,
  "training_accuracy": 0.9058823529411765,
  "training_accuracy3": 0.9352941176470588,
  "training_precision-overall": 0.5714285714285674,
  "training_recall-overall": 0.4999999999999969,
  "training_f1-measure-overall": 0.53333333333328,
  "training_loss": 66.54564666748047,
  "training_cpu_memory_MB": 691.748,
  "validation_accuracy": 0.9411764705882353,
  "validation_accuracy3": 0.9764705882352941,
  "validation_precision-overall": 0.8461538461538397,
  "validation_recall-overall": 0.6874999999999958,
  "validation_f1-measure-overall": 0.7586206896551179,
  "validation_loss": 58.87615966796875,
  "best_validation_accuracy": 0.9411764705882353,
  "best_validation_accuracy3": 0.9705882352941176,
  "best_validation_precision-overall": 0.8461538461538397,
  "best_validation_recall-overall": 0.6874999999999958,
  "best_validation_f1-measure-overall": 0.7586206896551179,
  "best_validation_loss": 72.3638916015625
}