{
  "best_epoch": 56,
  "peak_cpu_memory_MB": 691.748,
  "training_duration": "0:01:31.837924",
  "training_start_epoch": 0,
  "training_epochs": 58,
  "epoch": 58,
  "training_accuracy": 0.9294117647058824,
  "training_accuracy3": 0.9529411764705882,
  "training_precision-overall": 0.692307692307687,
  "training_recall-overall": 0.5624999999999966,
  "training_f1-measure-overall": 0.6206896551723601,
  "training_loss": 102.91305541992188,
  "training_cpu_memory_MB": 691.748,
  "validation_accuracy": 0.9411764705882353,
  "validation_accuracy3": 0.9647058823529412,
  "validation_precision-overall": 0.647058823529408,
  "validation_recall-overall": 0.6874999999999958,
  "validation_f1-measure-overall": 0.6666666666666129,
  "validation_loss": 88.822998046875,
  "best_validation_accuracy": 0.9411764705882353,
  "best_validation_accuracy3": 0.9705882352941176,
  "best_validation_precision-overall": 0.8461538461538397,
  "best_validation_recall-overall": 0.6874999999999958,
  "best_validation_f1-measure-overall": 0.7586206896551179,
  "best_validation_loss": 72.3638916015625
}