{
  "best_epoch": 110,
  "peak_cpu_memory_MB": 691.9,
  "training_duration": "0:03:03.955745",
  "training_start_epoch": 0,
  "training_epochs": 115,
  "epoch": 115,
  "training_accuracy": 0.9647058823529412,
  "training_accuracy3": 1.0,
  "training_precision-overall": 0.9999999999999923,
  "training_recall-overall": 0.812499999999995,
  "training_f1-measure-overall": 0.8965517241378755,
  "training_loss": 12.104270935058594,
  "training_cpu_memory_MB": 691.9,
  "validation_accuracy": 1.0,
  "validation_accuracy3": 1.0,
  "validation_precision-overall": 0.9999999999999938,
  "validation_recall-overall": 0.9999999999999938,
  "validation_f1-measure-overall": 0.9999999999999438,
  "validation_loss": 10.64111328125,
  "best_validation_accuracy": 1.0,
  "best_validation_accuracy3": 1.0,
  "best_validation_precision-overall": 0.9999999999999938,
  "best_validation_recall-overall": 0.9999999999999938,
  "best_validation_f1-measure-overall": 0.9999999999999438,
  "best_validation_loss": 12.530029296875
}