{
  "best_epoch": 56,
  "peak_cpu_memory_MB": 691.748,
  "training_duration": "0:01:38.230841",
  "training_start_epoch": 0,
  "training_epochs": 61,
  "epoch": 61,
  "training_accuracy": 0.9294117647058824,
  "training_accuracy3": 0.9588235294117647,
  "training_precision-overall": 0.6428571428571382,
  "training_recall-overall": 0.5624999999999966,
  "training_f1-measure-overall": 0.5999999999999464,
  "training_loss": 64.4156494140625,
  "training_cpu_memory_MB": 691.748,
  "validation_accuracy": 0.9352941176470588,
  "validation_accuracy3": 0.9647058823529412,
  "validation_precision-overall": 0.7333333333333285,
  "validation_recall-overall": 0.6874999999999958,
  "validation_f1-measure-overall": 0.7096774193547842,
  "validation_loss": 59.939453125,
  "best_validation_accuracy": 0.9411764705882353,
  "best_validation_accuracy3": 0.9705882352941176,
  "best_validation_precision-overall": 0.8461538461538397,
  "best_validation_recall-overall": 0.6874999999999958,
  "best_validation_f1-measure-overall": 0.7586206896551179,
  "best_validation_loss": 72.3638916015625
}