{
  "best_epoch": 56,
  "peak_cpu_memory_MB": 691.748,
  "training_duration": "0:01:45.065828",
  "training_start_epoch": 0,
  "training_epochs": 66,
  "epoch": 66,
  "training_accuracy": 0.9117647058823529,
  "training_accuracy3": 0.9529411764705882,
  "training_precision-overall": 0.5714285714285674,
  "training_recall-overall": 0.4999999999999969,
  "training_f1-measure-overall": 0.53333333333328,
  "training_loss": 68.92019653320312,
  "training_cpu_memory_MB": 691.748,
  "validation_accuracy": 0.9411764705882353,
  "validation_accuracy3": 0.9764705882352941,
  "validation_precision-overall": 0.7692307692307634,
  "validation_recall-overall": 0.6249999999999961,
  "validation_f1-measure-overall": 0.689655172413739,
  "validation_loss": 47.763427734375,
  "best_validation_accuracy": 0.9411764705882353,
  "best_validation_accuracy3": 0.9705882352941176,
  "best_validation_precision-overall": 0.8461538461538397,
  "best_validation_recall-overall": 0.6874999999999958,
  "best_validation_f1-measure-overall": 0.7586206896551179,
  "best_validation_loss": 72.3638916015625
}