{
  "best_epoch": 110,
  "peak_cpu_memory_MB": 691.9,
  "training_duration": "0:03:12.883856",
  "training_start_epoch": 0,
  "training_epochs": 120,
  "epoch": 120,
  "training_accuracy": 0.9764705882352941,
  "training_accuracy3": 0.9764705882352941,
  "training_precision-overall": 0.8666666666666609,
  "training_recall-overall": 0.812499999999995,
  "training_f1-measure-overall": 0.8387096774192996,
  "training_loss": 48.662620544433594,
  "training_cpu_memory_MB": 691.9,
  "validation_accuracy": 0.9588235294117647,
  "validation_accuracy3": 0.9941176470588236,
  "validation_precision-overall": 0.9999999999999917,
  "validation_recall-overall": 0.7499999999999953,
  "validation_f1-measure-overall": 0.857142857142802,
  "validation_loss": 11.2626953125,
  "best_validation_accuracy": 1.0,
  "best_validation_accuracy3": 1.0,
  "best_validation_precision-overall": 0.9999999999999938,
  "best_validation_recall-overall": 0.9999999999999938,
  "best_validation_f1-measure-overall": 0.9999999999999438,
  "best_validation_loss": 12.530029296875
}