{
  "best_epoch": 103,
  "peak_cpu_memory_MB": 691.748,
  "training_duration": "0:02:47.907871",
  "training_start_epoch": 0,
  "training_epochs": 105,
  "epoch": 105,
  "training_accuracy": 0.9823529411764705,
  "training_accuracy3": 0.9941176470588236,
  "training_precision-overall": 0.9999999999999929,
  "training_recall-overall": 0.8749999999999946,
  "training_f1-measure-overall": 0.9333333333332774,
  "training_loss": 17.025962829589844,
  "training_cpu_memory_MB": 691.748,
  "validation_accuracy": 0.9588235294117647,
  "validation_accuracy3": 0.9941176470588236,
  "validation_precision-overall": 0.9999999999999917,
  "validation_recall-overall": 0.7499999999999953,
  "validation_f1-measure-overall": 0.857142857142802,
  "validation_loss": 14.1361083984375,
  "best_validation_accuracy": 0.9941176470588236,
  "best_validation_accuracy3": 0.9941176470588236,
  "best_validation_precision-overall": 0.9999999999999933,
  "best_validation_recall-overall": 0.9374999999999942,
  "best_validation_f1-measure-overall": 0.9677419354838149,
  "best_validation_loss": 15.36126708984375
}