{
  "best_epoch": 41,
  "peak_cpu_memory_MB": 691.748,
  "training_duration": "0:01:10.024904",
  "training_start_epoch": 0,
  "training_epochs": 44,
  "epoch": 44,
  "training_accuracy": 0.8823529411764706,
  "training_accuracy3": 0.9235294117647059,
  "training_precision-overall": 0.499999999999995,
  "training_recall-overall": 0.31249999999999806,
  "training_f1-measure-overall": 0.3846153846153343,
  "training_loss": 127.6280517578125,
  "training_cpu_memory_MB": 691.748,
  "validation_accuracy": 0.8941176470588236,
  "validation_accuracy3": 0.9411764705882353,
  "validation_precision-overall": 0.499999999999995,
  "validation_recall-overall": 0.31249999999999806,
  "validation_f1-measure-overall": 0.3846153846153343,
  "validation_loss": 114.97718048095703,
  "best_validation_accuracy": 0.9176470588235294,
  "best_validation_accuracy3": 0.9529411764705882,
  "best_validation_precision-overall": 0.6153846153846106,
  "best_validation_recall-overall": 0.4999999999999969,
  "best_validation_f1-measure-overall": 0.5517241379309814,
  "best_validation_loss": 128.3121337890625
}