{
  "best_epoch": 103,
  "peak_cpu_memory_MB": 691.748,
  "training_duration": "0:02:46.565491",
  "training_start_epoch": 0,
  "training_epochs": 104,
  "epoch": 104,
  "training_accuracy": 0.9941176470588236,
  "training_accuracy3": 0.9941176470588236,
  "training_precision-overall": 0.9999999999999933,
  "training_recall-overall": 0.9374999999999942,
  "training_f1-measure-overall": 0.9677419354838149,
  "training_loss": 22.334314346313477,
  "training_cpu_memory_MB": 691.748,
  "validation_accuracy": 0.9941176470588236,
  "validation_accuracy3": 0.9941176470588236,
  "validation_precision-overall": 0.9999999999999933,
  "validation_recall-overall": 0.9374999999999942,
  "validation_f1-measure-overall": 0.9677419354838149,
  "validation_loss": 14.9454345703125,
  "best_validation_accuracy": 0.9941176470588236,
  "best_validation_accuracy3": 0.9941176470588236,
  "best_validation_precision-overall": 0.9999999999999933,
  "best_validation_recall-overall": 0.9374999999999942,
  "best_validation_f1-measure-overall": 0.9677419354838149,
  "best_validation_loss": 15.36126708984375
}