{
  "best_epoch": 41,
  "peak_cpu_memory_MB": 691.748,
  "training_duration": "0:01:20.266113",
  "training_start_epoch": 0,
  "training_epochs": 50,
  "epoch": 50,
  "training_accuracy": 0.8529411764705882,
  "training_accuracy3": 0.9,
  "training_precision-overall": 0.18181818181818019,
  "training_recall-overall": 0.12499999999999922,
  "training_f1-measure-overall": 0.14814814814809876,
  "training_loss": 119.8994369506836,
  "training_cpu_memory_MB": 691.748,
  "validation_accuracy": 0.8941176470588236,
  "validation_accuracy3": 0.9294117647058824,
  "validation_precision-overall": 0.4545454545454504,
  "validation_recall-overall": 0.31249999999999806,
  "validation_f1-measure-overall": 0.37037037037031934,
  "validation_loss": 99.38406372070312,
  "best_validation_accuracy": 0.9176470588235294,
  "best_validation_accuracy3": 0.9529411764705882,
  "best_validation_precision-overall": 0.6153846153846106,
  "best_validation_recall-overall": 0.4999999999999969,
  "best_validation_f1-measure-overall": 0.5517241379309814,
  "best_validation_loss": 128.3121337890625
}