{
  "best_epoch": 70,
  "peak_cpu_memory_MB": 691.748,
  "training_duration": "0:02:40.926191",
  "training_start_epoch": 0,
  "training_epochs": 100,
  "epoch": 100,
  "training_accuracy": 0.9411764705882353,
  "training_accuracy3": 0.9647058823529412,
  "training_precision-overall": 0.7499999999999938,
  "training_recall-overall": 0.5624999999999966,
  "training_f1-measure-overall": 0.6428571428570895,
  "training_loss": 84.9174575805664,
  "training_cpu_memory_MB": 691.748,
  "validation_accuracy": 0.9588235294117647,
  "validation_accuracy3": 0.9941176470588236,
  "validation_precision-overall": 0.9999999999999917,
  "validation_recall-overall": 0.7499999999999953,
  "validation_f1-measure-overall": 0.857142857142802,
  "validation_loss": 24.222076416015625,
  "best_validation_accuracy": 0.9647058823529412,
  "best_validation_accuracy3": 1.0,
  "best_validation_precision-overall": 0.9999999999999923,
  "best_validation_recall-overall": 0.812499999999995,
  "best_validation_f1-measure-overall": 0.8965517241378755,
  "best_validation_loss": 56.1451416015625
}