{
  "best_epoch": 70,
  "peak_cpu_memory_MB": 691.748,
  "training_duration": "0:02:23.201973",
  "training_start_epoch": 0,
  "training_epochs": 89,
  "epoch": 89,
  "training_accuracy": 0.9647058823529412,
  "training_accuracy3": 0.9823529411764705,
  "training_precision-overall": 0.812499999999995,
  "training_recall-overall": 0.812499999999995,
  "training_f1-measure-overall": 0.812499999999945,
  "training_loss": 23.119678497314453,
  "training_cpu_memory_MB": 691.748,
  "validation_accuracy": 0.9647058823529412,
  "validation_accuracy3": 0.9823529411764705,
  "validation_precision-overall": 0.812499999999995,
  "validation_recall-overall": 0.812499999999995,
  "validation_f1-measure-overall": 0.812499999999945,
  "validation_loss": 21.177001953125,
  "best_validation_accuracy": 0.9647058823529412,
  "best_validation_accuracy3": 1.0,
  "best_validation_precision-overall": 0.9999999999999923,
  "best_validation_recall-overall": 0.812499999999995,
  "best_validation_f1-measure-overall": 0.8965517241378755,
  "best_validation_loss": 56.1451416015625
}