{
  "best_epoch": 53,
  "peak_cpu_memory_MB": 691.748,
  "training_duration": "0:01:27.556108",
  "training_start_epoch": 0,
  "training_epochs": 55,
  "epoch": 55,
  "training_accuracy": 0.9176470588235294,
  "training_accuracy3": 0.9411764705882353,
  "training_precision-overall": 0.5333333333333298,
  "training_recall-overall": 0.4999999999999969,
  "training_f1-measure-overall": 0.5161290322580113,
  "training_loss": 88.68782806396484,
  "training_cpu_memory_MB": 691.748,
  "validation_accuracy": 0.9411764705882353,
  "validation_accuracy3": 0.9647058823529412,
  "validation_precision-overall": 0.7857142857142801,
  "validation_recall-overall": 0.6874999999999958,
  "validation_f1-measure-overall": 0.7333333333332789,
  "validation_loss": 78.12908935546875,
  "best_validation_accuracy": 0.9411764705882353,
  "best_validation_accuracy3": 0.9647058823529412,
  "best_validation_precision-overall": 0.7857142857142801,
  "best_validation_recall-overall": 0.6874999999999958,
  "best_validation_f1-measure-overall": 0.7333333333332789,
  "best_validation_loss": 87.7369384765625
}