{
  "best_epoch": 70,
  "peak_cpu_memory_MB": 691.748,
  "training_duration": "0:02:10.094235",
  "training_start_epoch": 0,
  "training_epochs": 81,
  "epoch": 81,
  "training_accuracy": 0.9529411764705882,
  "training_accuracy3": 0.9823529411764705,
  "training_precision-overall": 0.8461538461538397,
  "training_recall-overall": 0.6874999999999958,
  "training_f1-measure-overall": 0.7586206896551179,
  "training_loss": 50.33626174926758,
  "training_cpu_memory_MB": 691.748,
  "validation_accuracy": 0.9588235294117647,
  "validation_accuracy3": 0.9941176470588236,
  "validation_precision-overall": 0.9999999999999917,
  "validation_recall-overall": 0.7499999999999953,
  "validation_f1-measure-overall": 0.857142857142802,
  "validation_loss": 31.3262939453125,
  "best_validation_accuracy": 0.9647058823529412,
  "best_validation_accuracy3": 1.0,
  "best_validation_precision-overall": 0.9999999999999923,
  "best_validation_recall-overall": 0.812499999999995,
  "best_validation_f1-measure-overall": 0.8965517241378755,
  "best_validation_loss": 56.1451416015625
}