{
  "best_epoch": 0,
  "peak_cpu_memory_MB": 691.084,
  "training_duration": "0:00:48.944347",
  "training_start_epoch": 0,
  "training_epochs": 30,
  "epoch": 30,
  "training_accuracy": 0.7588235294117647,
  "training_accuracy3": 0.8117647058823529,
  "training_precision-overall": 0.0,
  "training_recall-overall": 0.0,
  "training_f1-measure-overall": 0.0,
  "training_loss": 146.30816650390625,
  "training_cpu_memory_MB": 691.084,
  "validation_accuracy": 0.7411764705882353,
  "validation_accuracy3": 0.8,
  "validation_precision-overall": 0.0,
  "validation_recall-overall": 0.0,
  "validation_f1-measure-overall": 0.0,
  "validation_loss": 130.86578369140625,
  "best_validation_accuracy": 0.07058823529411765,
  "best_validation_accuracy3": 0.12352941176470589,
  "best_validation_precision-overall": 0.011627906976744172,
  "best_validation_recall-overall": 0.06249999999999961,
  "best_validation_f1-measure-overall": 0.01960784313722841,
  "best_validation_loss": 392.6410827636719
}