{
  "best_epoch": 110,
  "peak_cpu_memory_MB": 691.9,
  "training_duration": "0:03:02.533291",
  "training_start_epoch": 0,
  "training_epochs": 114,
  "epoch": 114,
  "training_accuracy": 0.9647058823529412,
  "training_accuracy3": 0.9882352941176471,
  "training_precision-overall": 0.8666666666666609,
  "training_recall-overall": 0.812499999999995,
  "training_f1-measure-overall": 0.8387096774192996,
  "training_loss": 12.141624450683594,
  "training_cpu_memory_MB": 691.9,
  "validation_accuracy": 0.9647058823529412,
  "validation_accuracy3": 1.0,
  "validation_precision-overall": 0.9999999999999923,
  "validation_recall-overall": 0.812499999999995,
  "validation_f1-measure-overall": 0.8965517241378755,
  "validation_loss": 12.16015625,
  "best_validation_accuracy": 1.0,
  "best_validation_accuracy3": 1.0,
  "best_validation_precision-overall": 0.9999999999999938,
  "best_validation_recall-overall": 0.9999999999999938,
  "best_validation_f1-measure-overall": 0.9999999999999438,
  "best_validation_loss": 12.530029296875
}