{
  "best_epoch": 110,
  "peak_cpu_memory_MB": 691.9,
  "training_duration": "0:03:05.323601",
  "training_start_epoch": 0,
  "training_epochs": 116,
  "epoch": 116,
  "training_accuracy": 0.9823529411764705,
  "training_accuracy3": 0.9941176470588236,
  "training_precision-overall": 0.9999999999999929,
  "training_recall-overall": 0.8749999999999946,
  "training_f1-measure-overall": 0.9333333333332774,
  "training_loss": 14.840843200683594,
  "training_cpu_memory_MB": 691.9,
  "validation_accuracy": 0.9941176470588236,
  "validation_accuracy3": 0.9941176470588236,
  "validation_precision-overall": 0.9999999999999933,
  "validation_recall-overall": 0.9374999999999942,
  "validation_f1-measure-overall": 0.9677419354838149,
  "validation_loss": 15.980712890625,
  "best_validation_accuracy": 1.0,
  "best_validation_accuracy3": 1.0,
  "best_validation_precision-overall": 0.9999999999999938,
  "best_validation_recall-overall": 0.9999999999999938,
  "best_validation_f1-measure-overall": 0.9999999999999438,
  "best_validation_loss": 12.530029296875
}