{
  "best_epoch": 110,
  "peak_cpu_memory_MB": 691.9,
  "training_duration": "0:03:50.092112",
  "training_start_epoch": 0,
  "training_epochs": 144,
  "epoch": 144,
  "training_accuracy": 1.0,
  "training_accuracy3": 1.0,
  "training_precision-overall": 0.9999999999999938,
  "training_recall-overall": 0.9999999999999938,
  "training_f1-measure-overall": 0.9999999999999438,
  "training_loss": 10.182018280029297,
  "training_cpu_memory_MB": 691.9,
  "validation_accuracy": 0.9882352941176471,
  "validation_accuracy3": 0.9882352941176471,
  "validation_precision-overall": 0.8823529411764655,
  "validation_recall-overall": 0.9374999999999942,
  "validation_f1-measure-overall": 0.9090909090908537,
  "validation_loss": 12.9222412109375,
  "best_validation_accuracy": 1.0,
  "best_validation_accuracy3": 1.0,
  "best_validation_precision-overall": 0.9999999999999938,
  "best_validation_recall-overall": 0.9999999999999938,
  "best_validation_f1-measure-overall": 0.9999999999999438,
  "best_validation_loss": 12.530029296875
}