{
  "best_epoch": 41,
  "peak_cpu_memory_MB": 691.748,
  "training_duration": "0:01:14.084623",
  "training_start_epoch": 0,
  "training_epochs": 47,
  "epoch": 47,
  "training_accuracy": 0.8294117647058824,
  "training_accuracy3": 0.8764705882352941,
  "training_precision-overall": 0.0,
  "training_recall-overall": 0.0,
  "training_f1-measure-overall": 0.0,
  "training_loss": 117.12168884277344,
  "training_cpu_memory_MB": 691.748,
  "validation_accuracy": 0.8176470588235294,
  "validation_accuracy3": 0.8588235294117647,
  "validation_precision-overall": 0.12499999999999845,
  "validation_recall-overall": 0.06249999999999961,
  "validation_f1-measure-overall": 0.0833333333332882,
  "validation_loss": 111.20797729492188,
  "best_validation_accuracy": 0.9176470588235294,
  "best_validation_accuracy3": 0.9529411764705882,
  "best_validation_precision-overall": 0.6153846153846106,
  "best_validation_recall-overall": 0.4999999999999969,
  "best_validation_f1-measure-overall": 0.5517241379309814,
  "best_validation_loss": 128.3121337890625
}