{
  "best_epoch": 41,
  "peak_cpu_memory_MB": 691.748,
  "training_duration": "0:01:12.723426",
  "training_start_epoch": 0,
  "training_epochs": 46,
  "epoch": 46,
  "training_accuracy": 0.8529411764705882,
  "training_accuracy3": 0.9058823529411765,
  "training_precision-overall": 0.2857142857142816,
  "training_recall-overall": 0.12499999999999922,
  "training_f1-measure-overall": 0.173913043478217,
  "training_loss": 112.32660675048828,
  "training_cpu_memory_MB": 691.748,
  "validation_accuracy": 0.8588235294117647,
  "validation_accuracy3": 0.8941176470588236,
  "validation_precision-overall": 0.12499999999999845,
  "validation_recall-overall": 0.06249999999999961,
  "validation_f1-measure-overall": 0.0833333333332882,
  "validation_loss": 109.93209838867188,
  "best_validation_accuracy": 0.9176470588235294,
  "best_validation_accuracy3": 0.9529411764705882,
  "best_validation_precision-overall": 0.6153846153846106,
  "best_validation_recall-overall": 0.4999999999999969,
  "best_validation_f1-measure-overall": 0.5517241379309814,
  "best_validation_loss": 128.3121337890625
}