{
  "best_epoch": 41,
  "peak_cpu_memory_MB": 691.748,
  "training_duration": "0:01:18.951036",
  "training_start_epoch": 0,
  "training_epochs": 49,
  "epoch": 49,
  "training_accuracy": 0.8823529411764706,
  "training_accuracy3": 0.9235294117647059,
  "training_precision-overall": 0.36363636363636037,
  "training_recall-overall": 0.24999999999999845,
  "training_f1-measure-overall": 0.29629629629624576,
  "training_loss": 109.13512420654297,
  "training_cpu_memory_MB": 691.748,
  "validation_accuracy": 0.8294117647058824,
  "validation_accuracy3": 0.8705882352941177,
  "validation_precision-overall": 0.0,
  "validation_recall-overall": 0.0,
  "validation_f1-measure-overall": 0.0,
  "validation_loss": 103.948974609375,
  "best_validation_accuracy": 0.9176470588235294,
  "best_validation_accuracy3": 0.9529411764705882,
  "best_validation_precision-overall": 0.6153846153846106,
  "best_validation_recall-overall": 0.4999999999999969,
  "best_validation_f1-measure-overall": 0.5517241379309814,
  "best_validation_loss": 128.3121337890625
}