{
  "best_epoch": 41,
  "peak_cpu_memory_MB": 691.748,
  "training_duration": "0:01:08.650051",
  "training_start_epoch": 0,
  "training_epochs": 43,
  "epoch": 43,
  "training_accuracy": 0.8823529411764706,
  "training_accuracy3": 0.9352941176470588,
  "training_precision-overall": 0.4545454545454504,
  "training_recall-overall": 0.31249999999999806,
  "training_f1-measure-overall": 0.37037037037031934,
  "training_loss": 137.39791870117188,
  "training_cpu_memory_MB": 691.748,
  "validation_accuracy": 0.9,
  "validation_accuracy3": 0.9470588235294117,
  "validation_precision-overall": 0.5454545454545405,
  "validation_recall-overall": 0.37499999999999767,
  "validation_f1-measure-overall": 0.44444444444439285,
  "validation_loss": 122.70140075683594,
  "best_validation_accuracy": 0.9176470588235294,
  "best_validation_accuracy3": 0.9529411764705882,
  "best_validation_precision-overall": 0.6153846153846106,
  "best_validation_recall-overall": 0.4999999999999969,
  "best_validation_f1-measure-overall": 0.5517241379309814,
  "best_validation_loss": 128.3121337890625
}