{
  "best_epoch": 56,
  "peak_cpu_memory_MB": 691.748,
  "training_duration": "0:01:28.901551",
  "training_start_epoch": 0,
  "training_epochs": 56,
  "epoch": 56,
  "training_accuracy": 0.9411764705882353,
  "training_accuracy3": 0.9588235294117647,
  "training_precision-overall": 0.7142857142857092,
  "training_recall-overall": 0.6249999999999961,
  "training_f1-measure-overall": 0.6666666666666125,
  "training_loss": 77.56240844726562,
  "training_cpu_memory_MB": 691.748,
  "validation_accuracy": 0.9411764705882353,
  "validation_accuracy3": 0.9705882352941176,
  "validation_precision-overall": 0.8461538461538397,
  "validation_recall-overall": 0.6874999999999958,
  "validation_f1-measure-overall": 0.7586206896551179,
  "validation_loss": 72.3638916015625,
  "best_validation_accuracy": 0.9411764705882353,
  "best_validation_accuracy3": 0.9705882352941176,
  "best_validation_precision-overall": 0.8461538461538397,
  "best_validation_recall-overall": 0.6874999999999958,
  "best_validation_f1-measure-overall": 0.7586206896551179,
  "best_validation_loss": 72.3638916015625
}