{
  "best_epoch": 56,
  "peak_cpu_memory_MB": 691.748,
  "training_duration": "0:01:35.550695",
  "training_start_epoch": 0,
  "training_epochs": 59,
  "epoch": 59,
  "training_accuracy": 0.9058823529411765,
  "training_accuracy3": 0.9411764705882353,
  "training_precision-overall": 0.49999999999999584,
  "training_recall-overall": 0.37499999999999767,
  "training_f1-measure-overall": 0.42857142857137653,
  "training_loss": 121.48249816894531,
  "training_cpu_memory_MB": 691.748,
  "validation_accuracy": 0.9529411764705882,
  "validation_accuracy3": 0.9705882352941176,
  "validation_precision-overall": 0.7058823529411723,
  "validation_recall-overall": 0.7499999999999953,
  "validation_f1-measure-overall": 0.7272727272726729,
  "validation_loss": 62.54766845703125,
  "best_validation_accuracy": 0.9411764705882353,
  "best_validation_accuracy3": 0.9705882352941176,
  "best_validation_precision-overall": 0.8461538461538397,
  "best_validation_recall-overall": 0.6874999999999958,
  "best_validation_f1-measure-overall": 0.7586206896551179,
  "best_validation_loss": 72.3638916015625
}