{
  "best_epoch": 41,
  "peak_cpu_memory_MB": 691.748,
  "training_duration": "0:01:11.389438",
  "training_start_epoch": 0,
  "training_epochs": 45,
  "epoch": 45,
  "training_accuracy": 0.8470588235294118,
  "training_accuracy3": 0.9,
  "training_precision-overall": 0.2499999999999969,
  "training_recall-overall": 0.12499999999999922,
  "training_f1-measure-overall": 0.16666666666662086,
  "training_loss": 119.21769714355469,
  "training_cpu_memory_MB": 691.748,
  "validation_accuracy": 0.8764705882352941,
  "validation_accuracy3": 0.9117647058823529,
  "validation_precision-overall": 0.37499999999999534,
  "validation_recall-overall": 0.18749999999999883,
  "validation_f1-measure-overall": 0.24999999999995348,
  "validation_loss": 108.99441528320312,
  "best_validation_accuracy": 0.9176470588235294,
  "best_validation_accuracy3": 0.9529411764705882,
  "best_validation_precision-overall": 0.6153846153846106,
  "best_validation_recall-overall": 0.4999999999999969,
  "best_validation_f1-measure-overall": 0.5517241379309814,
  "best_validation_loss": 128.3121337890625
}