{
  "best_epoch": 53,
  "peak_cpu_memory_MB": 691.748,
  "training_duration": "0:01:24.532401",
  "training_start_epoch": 0,
  "training_epochs": 53,
  "epoch": 53,
  "training_accuracy": 0.9294117647058824,
  "training_accuracy3": 0.9588235294117647,
  "training_precision-overall": 0.7142857142857092,
  "training_recall-overall": 0.6249999999999961,
  "training_f1-measure-overall": 0.6666666666666125,
  "training_loss": 94.7300796508789,
  "training_cpu_memory_MB": 691.748,
  "validation_accuracy": 0.9411764705882353,
  "validation_accuracy3": 0.9647058823529412,
  "validation_precision-overall": 0.7857142857142801,
  "validation_recall-overall": 0.6874999999999958,
  "validation_f1-measure-overall": 0.7333333333332789,
  "validation_loss": 87.7369384765625,
  "best_validation_accuracy": 0.9411764705882353,
  "best_validation_accuracy3": 0.9647058823529412,
  "best_validation_precision-overall": 0.7857142857142801,
  "best_validation_recall-overall": 0.6874999999999958,
  "best_validation_f1-measure-overall": 0.7333333333332789,
  "best_validation_loss": 87.7369384765625
}