{
  "best_epoch": 0,
  "peak_cpu_memory_MB": 691.084,
  "training_duration": "0:00:47.609124",
  "training_start_epoch": 0,
  "training_epochs": 29,
  "epoch": 29,
  "training_accuracy": 0.7588235294117647,
  "training_accuracy3": 0.8117647058823529,
  "training_precision-overall": 0.0,
  "training_recall-overall": 0.0,
  "training_f1-measure-overall": 0.0,
  "training_loss": 184.8677520751953,
  "training_cpu_memory_MB": 691.084,
  "validation_accuracy": 0.7588235294117647,
  "validation_accuracy3": 0.8117647058823529,
  "validation_precision-overall": 0.0,
  "validation_recall-overall": 0.0,
  "validation_f1-measure-overall": 0.0,
  "validation_loss": 143.24758911132812,
  "best_validation_accuracy": 0.07058823529411765,
  "best_validation_accuracy3": 0.12352941176470589,
  "best_validation_precision-overall": 0.011627906976744172,
  "best_validation_recall-overall": 0.06249999999999961,
  "best_validation_f1-measure-overall": 0.01960784313722841,
  "best_validation_loss": 392.6410827636719
}