{
  "best_epoch": 70,
  "peak_cpu_memory_MB": 691.748,
  "training_duration": "0:02:31.651611",
  "training_start_epoch": 0,
  "training_epochs": 95,
  "epoch": 95,
  "training_accuracy": 0.9647058823529412,
  "training_accuracy3": 0.9882352941176471,
  "training_precision-overall": 0.8666666666666609,
  "training_recall-overall": 0.812499999999995,
  "training_f1-measure-overall": 0.8387096774192996,
  "training_loss": 19.316940307617188,
  "training_cpu_memory_MB": 691.748,
  "validation_accuracy": 0.9647058823529412,
  "validation_accuracy3": 1.0,
  "validation_precision-overall": 0.9999999999999923,
  "validation_recall-overall": 0.812499999999995,
  "validation_f1-measure-overall": 0.8965517241378755,
  "validation_loss": 17.04949951171875,
  "best_validation_accuracy": 0.9647058823529412,
  "best_validation_accuracy3": 1.0,
  "best_validation_precision-overall": 0.9999999999999923,
  "best_validation_recall-overall": 0.812499999999995,
  "best_validation_f1-measure-overall": 0.8965517241378755,
  "best_validation_loss": 56.1451416015625
}