{
  "best_epoch": 0,
  "peak_cpu_memory_MB": 2212.86,
  "training_duration": "0:10:33.866721",
  "training_start_epoch": 0,
  "training_epochs": 0,
  "epoch": 0,
  "training_accuracy": 0.1580074749235519,
  "training_accuracy3": 0.1580074749235519,
  "training_precision-overall": 0.007070839334817337,
  "training_recall-overall": 0.008350085047162517,
  "training_f1-measure-overall": 0.0076574021553672475,
  "training_loss": 3291.9290210620775,
  "training_cpu_memory_MB": 2212.86,
  "validation_accuracy": 0.16939457438976044,
  "validation_accuracy3": 0.16939457438976044,
  "validation_precision-overall": 0.0,
  "validation_recall-overall": 0.0,
  "validation_f1-measure-overall": 0.0,
  "validation_loss": 2113.0109924316407,
  "best_validation_accuracy": 0.16939457438976044,
  "best_validation_accuracy3": 0.16939457438976044,
  "best_validation_precision-overall": 0.0,
  "best_validation_recall-overall": 0.0,
  "best_validation_f1-measure-overall": 0.0,
  "best_validation_loss": 2113.0109924316407
}