{
  "best_epoch": 14,
  "peak_cpu_memory_MB": 7383.876,
  "training_duration": "0:19:06.068788",
  "training_start_epoch": 0,
  "training_epochs": 15,
  "epoch": 15,
  "training_accuracy": 0.9922517868941078,
  "training_accuracy3": 0.9924920415640579,
  "training_precision-overall": 0.9954614220877457,
  "training_recall-overall": 0.9648093841642227,
  "training_f1-measure-overall": 0.9798957557706126,
  "training_loss": 847.8321940104166,
  "training_cpu_memory_MB": 7383.876,
  "validation_accuracy": 0.99792780347168,
  "validation_accuracy3": 0.9982281218091177,
  "validation_precision-overall": 0.983606557377049,
  "validation_recall-overall": 0.9677419354838708,
  "validation_f1-measure-overall": 0.9756097560975108,
  "validation_loss": 503.4287516276042,
  "best_validation_accuracy": 0.9916811820529762,
  "best_validation_accuracy3": 0.9919214367229263,
  "best_validation_precision-overall": 0.9954751131221717,
  "best_validation_recall-overall": 0.9677419354838708,
  "best_validation_f1-measure-overall": 0.9814126394051543,
  "best_validation_loss": 1006.8680623372396
}