{
  "best_epoch": 13,
  "peak_cpu_memory_MB": 7383.792,
  "training_duration": "0:16:43.389939",
  "training_start_epoch": 0,
  "training_epochs": 13,
  "epoch": 13,
  "training_accuracy": 0.9598174064508379,
  "training_accuracy3": 0.9680160970628866,
  "training_precision-overall": 0.30626450116009274,
  "training_recall-overall": 0.19354838709677416,
  "training_f1-measure-overall": 0.2371967654986048,
  "training_loss": 1512.7939453125,
  "training_cpu_memory_MB": 7383.792,
  "validation_accuracy": 0.9964862754519791,
  "validation_accuracy3": 0.9966964982881855,
  "validation_precision-overall": 0.9924812030075186,
  "validation_recall-overall": 0.9677419354838708,
  "validation_f1-measure-overall": 0.9799554565701057,
  "validation_loss": 1058.176025390625,
  "best_validation_accuracy": 0.9964862754519791,
  "best_validation_accuracy3": 0.9966964982881855,
  "best_validation_precision-overall": 0.9924812030075186,
  "best_validation_recall-overall": 0.9677419354838708,
  "best_validation_f1-measure-overall": 0.9799554565701057,
  "best_validation_loss": 1058.176025390625
}