{
  "best_epoch": 14,
  "peak_cpu_memory_MB": 7383.888,
  "training_duration": "0:33:30.021600",
  "training_start_epoch": 0,
  "training_epochs": 27,
  "epoch": 27,
  "training_accuracy": 0.9981079944741426,
  "training_accuracy3": 0.9983782809778365,
  "training_precision-overall": 0.9895052473763116,
  "training_recall-overall": 0.9677419354838708,
  "training_f1-measure-overall": 0.978502594514405,
  "training_loss": 358.25425211588544,
  "training_cpu_memory_MB": 7383.888,
  "validation_accuracy": 0.9980779626403988,
  "validation_accuracy3": 0.998318217310349,
  "validation_precision-overall": 0.9939759036144576,
  "validation_recall-overall": 0.9677419354838708,
  "validation_f1-measure-overall": 0.9806835066864283,
  "validation_loss": 187.12123107910156,
  "best_validation_accuracy": 0.9916811820529762,
  "best_validation_accuracy3": 0.9919214367229263,
  "best_validation_precision-overall": 0.9954751131221717,
  "best_validation_recall-overall": 0.9677419354838708,
  "best_validation_f1-measure-overall": 0.9814126394051543,
  "best_validation_loss": 1006.8680623372396
}