{
  "best_epoch": 14,
  "peak_cpu_memory_MB": 7383.888,
  "training_duration": "0:31:05.529022",
  "training_start_epoch": 0,
  "training_epochs": 25,
  "epoch": 25,
  "training_accuracy": 0.9982281218091177,
  "training_accuracy3": 0.9984984083128116,
  "training_precision-overall": 0.9909909909909909,
  "training_recall-overall": 0.9677419354838708,
  "training_f1-measure-overall": 0.9792284866468342,
  "training_loss": 415.1241099039714,
  "training_cpu_memory_MB": 7383.888,
  "validation_accuracy": 0.9981380263078864,
  "validation_accuracy3": 0.9984083128115803,
  "validation_precision-overall": 0.9895052473763116,
  "validation_recall-overall": 0.9677419354838708,
  "validation_f1-measure-overall": 0.978502594514405,
  "validation_loss": 208.2116495768229,
  "best_validation_accuracy": 0.9916811820529762,
  "best_validation_accuracy3": 0.9919214367229263,
  "best_validation_precision-overall": 0.9954751131221717,
  "best_validation_recall-overall": 0.9677419354838708,
  "best_validation_f1-measure-overall": 0.9814126394051543,
  "best_validation_loss": 1006.8680623372396
}