{
  "best_epoch": 14,
  "peak_cpu_memory_MB": 7383.804,
  "training_duration": "0:17:54.684773",
  "training_start_epoch": 0,
  "training_epochs": 14,
  "epoch": 14,
  "training_accuracy": 0.9925521052315455,
  "training_accuracy3": 0.9929425190702145,
  "training_precision-overall": 0.9774436090225562,
  "training_recall-overall": 0.9530791788856303,
  "training_f1-measure-overall": 0.9651076466220732,
  "training_loss": 1386.0337727864583,
  "training_cpu_memory_MB": 7383.804,
  "validation_accuracy": 0.9916811820529762,
  "validation_accuracy3": 0.9919214367229263,
  "validation_precision-overall": 0.9954751131221717,
  "validation_recall-overall": 0.9677419354838708,
  "validation_f1-measure-overall": 0.9814126394051543,
  "validation_loss": 1006.8680623372396,
  "best_validation_accuracy": 0.9916811820529762,
  "best_validation_accuracy3": 0.9919214367229263,
  "best_validation_precision-overall": 0.9954751131221717,
  "best_validation_recall-overall": 0.9677419354838708,
  "best_validation_f1-measure-overall": 0.9814126394051543,
  "best_validation_loss": 1006.8680623372396
}