{
  "best_epoch": 14,
  "peak_cpu_memory_MB": 7383.876,
  "training_duration": "0:21:30.586799",
  "training_start_epoch": 0,
  "training_epochs": 17,
  "epoch": 17,
  "training_accuracy": 0.996636434620698,
  "training_accuracy3": 0.9970869121268545,
  "training_precision-overall": 0.9639639639639638,
  "training_recall-overall": 0.941348973607038,
  "training_f1-measure-overall": 0.9525222551928283,
  "training_loss": 440.0880635579427,
  "training_cpu_memory_MB": 7383.876,
  "validation_accuracy": 0.9978677398041924,
  "validation_accuracy3": 0.9981079944741426,
  "validation_precision-overall": 0.9880239520958082,
  "validation_recall-overall": 0.9677419354838708,
  "validation_f1-measure-overall": 0.9777777777777276,
  "validation_loss": 446.43860880533856,
  "best_validation_accuracy": 0.9916811820529762,
  "best_validation_accuracy3": 0.9919214367229263,
  "best_validation_precision-overall": 0.9954751131221717,
  "best_validation_recall-overall": 0.9677419354838708,
  "best_validation_f1-measure-overall": 0.9814126394051543,
  "best_validation_loss": 1006.8680623372396
}