{
  "best_epoch": 14,
  "peak_cpu_memory_MB": 7383.888,
  "training_duration": "0:34:41.305045",
  "training_start_epoch": 0,
  "training_epochs": 28,
  "epoch": 28,
  "training_accuracy": 0.9981980899753738,
  "training_accuracy3": 0.9984683764790678,
  "training_precision-overall": 0.9909909909909909,
  "training_recall-overall": 0.9677419354838708,
  "training_f1-measure-overall": 0.9792284866468342,
  "training_loss": 187.13360595703125,
  "training_cpu_memory_MB": 7383.888,
  "validation_accuracy": 0.9980779626403988,
  "validation_accuracy3": 0.998318217310349,
  "validation_precision-overall": 0.9939759036144576,
  "validation_recall-overall": 0.9677419354838708,
  "validation_f1-measure-overall": 0.9806835066864283,
  "validation_loss": 174.62985229492188,
  "best_validation_accuracy": 0.9916811820529762,
  "best_validation_accuracy3": 0.9919214367229263,
  "best_validation_precision-overall": 0.9954751131221717,
  "best_validation_recall-overall": 0.9677419354838708,
  "best_validation_f1-measure-overall": 0.9814126394051543,
  "best_validation_loss": 1006.8680623372396
}