{
  "best_epoch": 14,
  "peak_cpu_memory_MB": 7383.888,
  "training_duration": "0:29:54.287044",
  "training_start_epoch": 0,
  "training_epochs": 24,
  "epoch": 24,
  "training_accuracy": 0.9981680581416301,
  "training_accuracy3": 0.9984083128115803,
  "training_precision-overall": 0.9924812030075186,
  "training_recall-overall": 0.9677419354838708,
  "training_f1-measure-overall": 0.9799554565701057,
  "training_loss": 243.67334493001303,
  "training_cpu_memory_MB": 7383.888,
  "validation_accuracy": 0.9981079944741426,
  "validation_accuracy3": 0.9983782809778365,
  "validation_precision-overall": 0.9895052473763116,
  "validation_recall-overall": 0.9677419354838708,
  "validation_f1-measure-overall": 0.978502594514405,
  "validation_loss": 313.85521443684894,
  "best_validation_accuracy": 0.9916811820529762,
  "best_validation_accuracy3": 0.9919214367229263,
  "best_validation_precision-overall": 0.9954751131221717,
  "best_validation_recall-overall": 0.9677419354838708,
  "best_validation_f1-measure-overall": 0.9814126394051543,
  "best_validation_loss": 1006.8680623372396
}