{
  "best_epoch": 14,
  "peak_cpu_memory_MB": 7383.876,
  "training_duration": "0:25:06.677603",
  "training_start_epoch": 0,
  "training_epochs": 20,
  "epoch": 20,
  "training_accuracy": 0.99792780347168,
  "training_accuracy3": 0.9982281218091177,
  "training_precision-overall": 0.989441930618401,
  "training_recall-overall": 0.9618768328445746,
  "training_f1-measure-overall": 0.9754646840148197,
  "training_loss": 317.5072021484375,
  "training_cpu_memory_MB": 7383.876,
  "validation_accuracy": 0.9980779626403988,
  "validation_accuracy3": 0.998318217310349,
  "validation_precision-overall": 0.9939759036144576,
  "validation_recall-overall": 0.9677419354838708,
  "validation_f1-measure-overall": 0.9806835066864283,
  "validation_loss": 268.4769999186198,
  "best_validation_accuracy": 0.9916811820529762,
  "best_validation_accuracy3": 0.9919214367229263,
  "best_validation_precision-overall": 0.9954751131221717,
  "best_validation_recall-overall": 0.9677419354838708,
  "best_validation_f1-measure-overall": 0.9814126394051543,
  "best_validation_loss": 1006.8680623372396
}