{
  "best_epoch": 14,
  "peak_cpu_memory_MB": 7383.876,
  "training_duration": "0:26:18.024069",
  "training_start_epoch": 0,
  "training_epochs": 21,
  "epoch": 21,
  "training_accuracy": 0.9979578353054237,
  "training_accuracy3": 0.9981980899753738,
  "training_precision-overall": 0.9895052473763116,
  "training_recall-overall": 0.9677419354838708,
  "training_f1-measure-overall": 0.978502594514405,
  "training_loss": 284.00342814127606,
  "training_cpu_memory_MB": 7383.876,
  "validation_accuracy": 0.9980779626403988,
  "validation_accuracy3": 0.998318217310349,
  "validation_precision-overall": 0.9939759036144576,
  "validation_recall-overall": 0.9677419354838708,
  "validation_f1-measure-overall": 0.9806835066864283,
  "validation_loss": 254.12857055664062,
  "best_validation_accuracy": 0.9916811820529762,
  "best_validation_accuracy3": 0.9919214367229263,
  "best_validation_precision-overall": 0.9954751131221717,
  "best_validation_recall-overall": 0.9677419354838708,
  "best_validation_f1-measure-overall": 0.9814126394051543,
  "best_validation_loss": 1006.8680623372396
}