{
  "best_epoch": 14,
  "peak_cpu_memory_MB": 7383.888,
  "training_duration": "0:39:28.373544",
  "training_start_epoch": 0,
  "training_epochs": 32,
  "epoch": 32,
  "training_accuracy": 0.9980779626403988,
  "training_accuracy3": 0.998318217310349,
  "training_precision-overall": 0.9909909909909909,
  "training_recall-overall": 0.9677419354838708,
  "training_f1-measure-overall": 0.9792284866468342,
  "training_loss": 181.34100850423178,
  "training_cpu_memory_MB": 7383.888,
  "validation_accuracy": 0.9982281218091177,
  "validation_accuracy3": 0.998438344645324,
  "validation_precision-overall": 0.9924812030075186,
  "validation_recall-overall": 0.9677419354838708,
  "validation_f1-measure-overall": 0.9799554565701057,
  "validation_loss": 141.26780700683594,
  "best_validation_accuracy": 0.9916811820529762,
  "best_validation_accuracy3": 0.9919214367229263,
  "best_validation_precision-overall": 0.9954751131221717,
  "best_validation_recall-overall": 0.9677419354838708,
  "best_validation_f1-measure-overall": 0.9814126394051543,
  "best_validation_loss": 1006.8680623372396
}