{
  "best_epoch": 14,
  "peak_cpu_memory_MB": 7383.876,
  "training_duration": "0:22:42.041093",
  "training_start_epoch": 0,
  "training_epochs": 18,
  "epoch": 18,
  "training_accuracy": 0.9974773259655234,
  "training_accuracy3": 0.9977175806354736,
  "training_precision-overall": 0.9895052473763116,
  "training_recall-overall": 0.9677419354838708,
  "training_f1-measure-overall": 0.978502594514405,
  "training_loss": 427.3529815673828,
  "training_cpu_memory_MB": 7383.876,
  "validation_accuracy": 0.9980479308066551,
  "validation_accuracy3": 0.9982881854766052,
  "validation_precision-overall": 0.9895052473763116,
  "validation_recall-overall": 0.9677419354838708,
  "validation_f1-measure-overall": 0.978502594514405,
  "validation_loss": 331.9240976969401,
  "best_validation_accuracy": 0.9916811820529762,
  "best_validation_accuracy3": 0.9919214367229263,
  "best_validation_precision-overall": 0.9954751131221717,
  "best_validation_recall-overall": 0.9677419354838708,
  "best_validation_f1-measure-overall": 0.9814126394051543,
  "best_validation_loss": 1006.8680623372396
}