{
  "best_epoch": 14,
  "peak_cpu_memory_MB": 7383.876,
  "training_duration": "0:20:19.150169",
  "training_start_epoch": 0,
  "training_epochs": 16,
  "epoch": 16,
  "training_accuracy": 0.9966964982881855,
  "training_accuracy3": 0.9969667847918794,
  "training_precision-overall": 0.9835820895522387,
  "training_recall-overall": 0.9662756598240467,
  "training_f1-measure-overall": 0.974852071005867,
  "training_loss": 497.9530843098958,
  "training_cpu_memory_MB": 7383.876,
  "validation_accuracy": 0.99792780347168,
  "validation_accuracy3": 0.9982281218091177,
  "validation_precision-overall": 0.9792284866468841,
  "validation_recall-overall": 0.9677419354838708,
  "validation_f1-measure-overall": 0.9734513274335782,
  "validation_loss": 362.5377909342448,
  "best_validation_accuracy": 0.9916811820529762,
  "best_validation_accuracy3": 0.9919214367229263,
  "best_validation_precision-overall": 0.9954751131221717,
  "best_validation_recall-overall": 0.9677419354838708,
  "best_validation_f1-measure-overall": 0.9814126394051543,
  "best_validation_loss": 1006.8680623372396
}