{
  "best_epoch": 1,
  "peak_cpu_memory_MB": 14377.152,
  "training_duration": "0:21:12.221349",
  "training_start_epoch": 0,
  "training_epochs": 1,
  "epoch": 1,
  "training_accuracy": 0.5761643060043146,
  "training_accuracy3": 0.5933543531524847,
  "training_precision-overall": 0.4543228768171385,
  "training_recall-overall": 0.2824391171993912,
  "training_f1-measure-overall": 0.3483310846482779,
  "training_loss": 2262.352800157335,
  "training_cpu_memory_MB": 14377.152,
  "validation_accuracy": 0.6035968099449281,
  "validation_accuracy3": 0.6142455611160622,
  "validation_precision-overall": 0.5092096059687573,
  "validation_recall-overall": 0.4821192052980132,
  "validation_f1-measure-overall": 0.4952942510488218,
  "validation_loss": 1952.8786539713542,
  "best_validation_accuracy": 0.6035968099449281,
  "best_validation_accuracy3": 0.6142455611160622,
  "best_validation_precision-overall": 0.5092096059687573,
  "best_validation_recall-overall": 0.4821192052980132,
  "best_validation_f1-measure-overall": 0.4952942510488218,
  "best_validation_loss": 1952.8786539713542
}