{
  "best_epoch": 0,
  "peak_cpu_memory_MB": 852.584,
  "training_duration": "0:09:52.970800",
  "training_start_epoch": 0,
  "training_epochs": 0,
  "epoch": 0,
  "training_accuracy": 0.46704996925119335,
  "training_accuracy3": 0.4904288238337417,
  "training_precision-overall": 0.08656957928802589,
  "training_recall-overall": 0.010178843226788432,
  "training_f1-measure-overall": 0.01821586653045444,
  "training_loss": 3603.1748987833657,
  "training_cpu_memory_MB": 852.584,
  "validation_accuracy": 0.5206690889147871,
  "validation_accuracy3": 0.5426521331779438,
  "validation_precision-overall": 0.29582448690728946,
  "validation_recall-overall": 0.1845474613686534,
  "validation_f1-measure-overall": 0.2272974442631392,
  "validation_loss": 2673.8778483072915,
  "best_validation_accuracy": 0.5206690889147871,
  "best_validation_accuracy3": 0.5426521331779438,
  "best_validation_precision-overall": 0.29582448690728946,
  "best_validation_recall-overall": 0.1845474613686534,
  "best_validation_f1-measure-overall": 0.2272974442631392,
  "best_validation_loss": 2673.8778483072915
}