{
  "best_epoch": 142,
  "peak_cpu_memory_MB": 5237.672,
  "training_duration": "1:00:23.356015",
  "training_start_epoch": 0,
  "training_epochs": 160,
  "epoch": 160,
  "training_accuracy": 0.9832727272727273,
  "training_accuracy3": 0.9903636363636363,
  "training_precision-overall": 0.9609756097560971,
  "training_recall-overall": 0.9656862745098034,
  "training_f1-measure-overall": 0.9633251833740326,
  "training_loss": 98.85798645019531,
  "training_cpu_memory_MB": 5237.672,
  "validation_accuracy": 0.9792727272727273,
  "validation_accuracy3": 0.9876363636363636,
  "validation_precision-overall": 0.9603960396039598,
  "validation_recall-overall": 0.9509803921568623,
  "validation_f1-measure-overall": 0.9556650246304915,
  "validation_loss": 85.02197265625,
  "best_validation_accuracy": 0.9878181818181818,
  "best_validation_accuracy3": 0.9969090909090909,
  "best_validation_precision-overall": 0.9619047619047614,
  "best_validation_recall-overall": 0.990196078431372,
  "best_validation_f1-measure-overall": 0.9758454106279689,
  "best_validation_loss": 88.03759765625
}