{
  "best_epoch": 142,
  "peak_cpu_memory_MB": 5237.672,
  "training_duration": "1:03:54.244045",
  "training_start_epoch": 0,
  "training_epochs": 171,
  "epoch": 171,
  "training_accuracy": 0.9818181818181818,
  "training_accuracy3": 0.9847272727272727,
  "training_precision-overall": 0.9999999999999994,
  "training_recall-overall": 0.9215686274509799,
  "training_f1-measure-overall": 0.9591836734693373,
  "training_loss": 83.51918029785156,
  "training_cpu_memory_MB": 5237.672,
  "validation_accuracy": 0.9838181818181818,
  "validation_accuracy3": 0.988909090909091,
  "validation_precision-overall": 0.9797979797979792,
  "validation_recall-overall": 0.9509803921568623,
  "validation_f1-measure-overall": 0.9651741293531834,
  "validation_loss": 76.12109375,
  "best_validation_accuracy": 0.9878181818181818,
  "best_validation_accuracy3": 0.9969090909090909,
  "best_validation_precision-overall": 0.9619047619047614,
  "best_validation_recall-overall": 0.990196078431372,
  "best_validation_f1-measure-overall": 0.9758454106279689,
  "best_validation_loss": 88.03759765625
}