{
  "best_epoch": 142,
  "peak_cpu_memory_MB": 5237.672,
  "training_duration": "0:55:34.184018",
  "training_start_epoch": 0,
  "training_epochs": 145,
  "epoch": 145,
  "training_accuracy": 0.9647272727272728,
  "training_accuracy3": 0.9970909090909091,
  "training_precision-overall": 0.9272727272727265,
  "training_recall-overall": 0.4999999999999997,
  "training_f1-measure-overall": 0.6496815286623745,
  "training_loss": 342.53668212890625,
  "training_cpu_memory_MB": 5237.672,
  "validation_accuracy": 0.9816363636363636,
  "validation_accuracy3": 0.9970909090909091,
  "validation_precision-overall": 0.9605911330049256,
  "validation_recall-overall": 0.955882352941176,
  "validation_f1-measure-overall": 0.9582309582309079,
  "validation_loss": 110.689453125,
  "best_validation_accuracy": 0.9878181818181818,
  "best_validation_accuracy3": 0.9969090909090909,
  "best_validation_precision-overall": 0.9619047619047614,
  "best_validation_recall-overall": 0.990196078431372,
  "best_validation_f1-measure-overall": 0.9758454106279689,
  "best_validation_loss": 88.03759765625
}