{
  "best_epoch": 142,
  "peak_cpu_memory_MB": 5237.672,
  "training_duration": "0:58:46.643275",
  "training_start_epoch": 0,
  "training_epochs": 155,
  "epoch": 155,
  "training_accuracy": 0.9807272727272728,
  "training_accuracy3": 0.9923636363636363,
  "training_precision-overall": 0.9433962264150938,
  "training_recall-overall": 0.9803921568627445,
  "training_f1-measure-overall": 0.9615384615384109,
  "training_loss": 99.87454223632812,
  "training_cpu_memory_MB": 5237.672,
  "validation_accuracy": 0.9818181818181818,
  "validation_accuracy3": 0.9970909090909091,
  "validation_precision-overall": 0.9272727272727268,
  "validation_recall-overall": 0.9999999999999994,
  "validation_f1-measure-overall": 0.9622641509433457,
  "validation_loss": 115.09375,
  "best_validation_accuracy": 0.9878181818181818,
  "best_validation_accuracy3": 0.9969090909090909,
  "best_validation_precision-overall": 0.9619047619047614,
  "best_validation_recall-overall": 0.990196078431372,
  "best_validation_f1-measure-overall": 0.9758454106279689,
  "best_validation_loss": 88.03759765625
}