{
  "best_epoch": 49,
  "peak_cpu_memory_MB": 5237.672,
  "training_duration": "0:49:06.548616",
  "training_start_epoch": 0,
  "training_epochs": 125,
  "epoch": 125,
  "training_accuracy": 0.9750909090909091,
  "training_accuracy3": 0.9892727272727273,
  "training_precision-overall": 0.9549999999999994,
  "training_recall-overall": 0.936274509803921,
  "training_f1-measure-overall": 0.945544554455395,
  "training_loss": 196.6527099609375,
  "training_cpu_memory_MB": 5237.672,
  "validation_accuracy": 0.9818181818181818,
  "validation_accuracy3": 0.9970909090909091,
  "validation_precision-overall": 0.9272727272727268,
  "validation_recall-overall": 0.9999999999999994,
  "validation_f1-measure-overall": 0.9622641509433457,
  "validation_loss": 123.3330078125,
  "best_validation_accuracy": 0.9818181818181818,
  "best_validation_accuracy3": 0.9970909090909091,
  "best_validation_precision-overall": 0.9272727272727268,
  "best_validation_recall-overall": 0.9999999999999994,
  "best_validation_f1-measure-overall": 0.9622641509433457,
  "best_validation_loss": 794.396484375
}