{
  "best_epoch": 49,
  "peak_cpu_memory_MB": 5230.112,
  "training_duration": "0:37:56.115297",
  "training_start_epoch": 0,
  "training_epochs": 90,
  "epoch": 90,
  "training_accuracy": 0.9781818181818182,
  "training_accuracy3": 0.9938181818181818,
  "training_precision-overall": 0.9266055045871555,
  "training_recall-overall": 0.990196078431372,
  "training_f1-measure-overall": 0.9573459715639305,
  "training_loss": 263.7765197753906,
  "training_cpu_memory_MB": 5230.112,
  "validation_accuracy": 0.9818181818181818,
  "validation_accuracy3": 0.9970909090909091,
  "validation_precision-overall": 0.9272727272727268,
  "validation_recall-overall": 0.9999999999999994,
  "validation_f1-measure-overall": 0.9622641509433457,
  "validation_loss": 229.69140625,
  "best_validation_accuracy": 0.9818181818181818,
  "best_validation_accuracy3": 0.9970909090909091,
  "best_validation_precision-overall": 0.9272727272727268,
  "best_validation_recall-overall": 0.9999999999999994,
  "best_validation_f1-measure-overall": 0.9622641509433457,
  "best_validation_loss": 794.396484375
}