{
  "best_epoch": 47,
  "peak_cpu_memory_MB": 5230.084,
  "training_duration": "0:21:18.763066",
  "training_start_epoch": 0,
  "training_epochs": 48,
  "epoch": 48,
  "training_accuracy": 0.8743636363636363,
  "training_accuracy3": 0.892,
  "training_precision-overall": 0.562737642585551,
  "training_recall-overall": 0.725490196078431,
  "training_f1-measure-overall": 0.6338329764453468,
  "training_loss": 914.0879516601562,
  "training_cpu_memory_MB": 5230.084,
  "validation_accuracy": 0.7896363636363637,
  "validation_accuracy3": 0.8118181818181818,
  "validation_precision-overall": 0.32515337423312873,
  "validation_recall-overall": 0.5196078431372546,
  "validation_f1-measure-overall": 0.3999999999999525,
  "validation_loss": 849.037109375,
  "best_validation_accuracy": 0.8794545454545455,
  "best_validation_accuracy3": 0.8996363636363637,
  "best_validation_precision-overall": 0.5955056179775279,
  "best_validation_recall-overall": 0.7794117647058819,
  "best_validation_f1-measure-overall": 0.6751592356687405,
  "best_validation_loss": 869.380859375
}