{
  "best_epoch": 49,
  "peak_cpu_memory_MB": 5237.672,
  "training_duration": "0:49:25.675549",
  "training_start_epoch": 0,
  "training_epochs": 126,
  "epoch": 126,
  "training_accuracy": 0.9856363636363636,
  "training_accuracy3": 0.9970909090909091,
  "training_precision-overall": 0.9348837209302321,
  "training_recall-overall": 0.9852941176470583,
  "training_f1-measure-overall": 0.959427207637181,
  "training_loss": 135.89588928222656,
  "training_cpu_memory_MB": 5237.672,
  "validation_accuracy": 0.9807272727272728,
  "validation_accuracy3": 0.9970909090909091,
  "validation_precision-overall": 0.9026548672566367,
  "validation_recall-overall": 0.9999999999999994,
  "validation_f1-measure-overall": 0.9488372093022752,
  "validation_loss": 114.0546875,
  "best_validation_accuracy": 0.9818181818181818,
  "best_validation_accuracy3": 0.9970909090909091,
  "best_validation_precision-overall": 0.9272727272727268,
  "best_validation_recall-overall": 0.9999999999999994,
  "best_validation_f1-measure-overall": 0.9622641509433457,
  "best_validation_loss": 794.396484375
}