{
  "best_epoch": 49,
  "peak_cpu_memory_MB": 5230.084,
  "training_duration": "0:22:03.159189",
  "training_start_epoch": 0,
  "training_epochs": 49,
  "epoch": 49,
  "training_accuracy": 0.8049090909090909,
  "training_accuracy3": 0.828,
  "training_precision-overall": 0.4014084507042252,
  "training_recall-overall": 0.5588235294117644,
  "training_f1-measure-overall": 0.46721311475404953,
  "training_loss": 879.1836547851562,
  "training_cpu_memory_MB": 5230.084,
  "validation_accuracy": 0.9818181818181818,
  "validation_accuracy3": 0.9970909090909091,
  "validation_precision-overall": 0.9272727272727268,
  "validation_recall-overall": 0.9999999999999994,
  "validation_f1-measure-overall": 0.9622641509433457,
  "validation_loss": 794.396484375,
  "best_validation_accuracy": 0.9818181818181818,
  "best_validation_accuracy3": 0.9970909090909091,
  "best_validation_precision-overall": 0.9272727272727268,
  "best_validation_recall-overall": 0.9999999999999994,
  "best_validation_f1-measure-overall": 0.9622641509433457,
  "best_validation_loss": 794.396484375
}