{
  "best_epoch": 179,
  "peak_cpu_memory_MB": 5237.672,
  "training_duration": "1:12:11.762686",
  "training_start_epoch": 0,
  "training_epochs": 197,
  "epoch": 197,
  "training_accuracy": 0.9785454545454545,
  "training_accuracy3": 0.9925454545454545,
  "training_precision-overall": 0.9383886255924165,
  "training_recall-overall": 0.9705882352941171,
  "training_f1-measure-overall": 0.954216867469829,
  "training_loss": 98.44600677490234,
  "training_cpu_memory_MB": 5237.672,
  "validation_accuracy": 0.9818181818181818,
  "validation_accuracy3": 0.9970909090909091,
  "validation_precision-overall": 0.9272727272727268,
  "validation_recall-overall": 0.9999999999999994,
  "validation_f1-measure-overall": 0.9622641509433457,
  "validation_loss": 73.544921875,
  "best_validation_accuracy": 0.9934545454545455,
  "best_validation_accuracy3": 0.9958181818181818,
  "best_validation_precision-overall": 0.9900990099009895,
  "best_validation_recall-overall": 0.9803921568627445,
  "best_validation_f1-measure-overall": 0.9852216748767968,
  "best_validation_loss": 70.316650390625
}