{
  "best_epoch": 49,
  "peak_cpu_memory_MB": 5230.084,
  "training_duration": "0:24:08.017718",
  "training_start_epoch": 0,
  "training_epochs": 52,
  "epoch": 52,
  "training_accuracy": 0.9805454545454545,
  "training_accuracy3": 0.9970909090909091,
  "training_precision-overall": 0.9223744292237438,
  "training_recall-overall": 0.990196078431372,
  "training_f1-measure-overall": 0.9550827423167344,
  "training_loss": 1450.32421875,
  "training_cpu_memory_MB": 5230.084,
  "validation_accuracy": 0.9818181818181818,
  "validation_accuracy3": 0.9970909090909091,
  "validation_precision-overall": 0.9272727272727268,
  "validation_recall-overall": 0.9999999999999994,
  "validation_f1-measure-overall": 0.9622641509433457,
  "validation_loss": 741.01953125,
  "best_validation_accuracy": 0.9818181818181818,
  "best_validation_accuracy3": 0.9970909090909091,
  "best_validation_precision-overall": 0.9272727272727268,
  "best_validation_recall-overall": 0.9999999999999994,
  "best_validation_f1-measure-overall": 0.9622641509433457,
  "best_validation_loss": 794.396484375
}