{
  "best_epoch": 179,
  "peak_cpu_memory_MB": 5237.672,
  "training_duration": "1:12:52.070465",
  "training_start_epoch": 0,
  "training_epochs": 199,
  "epoch": 199,
  "training_accuracy": 0.9838181818181818,
  "training_accuracy3": 0.9930909090909091,
  "training_precision-overall": 0.9611650485436888,
  "training_recall-overall": 0.9705882352941171,
  "training_f1-measure-overall": 0.9658536585365349,
  "training_loss": 68.4402084350586,
  "training_cpu_memory_MB": 5237.672,
  "validation_accuracy": 0.9818181818181818,
  "validation_accuracy3": 0.9847272727272727,
  "validation_precision-overall": 0.9999999999999994,
  "validation_recall-overall": 0.9215686274509799,
  "validation_f1-measure-overall": 0.9591836734693373,
  "validation_loss": 69.001953125,
  "best_validation_accuracy": 0.9934545454545455,
  "best_validation_accuracy3": 0.9958181818181818,
  "best_validation_precision-overall": 0.9900990099009895,
  "best_validation_recall-overall": 0.9803921568627445,
  "best_validation_f1-measure-overall": 0.9852216748767968,
  "best_validation_loss": 70.316650390625
}