{
  "best_epoch": 49,
  "peak_cpu_memory_MB": 5237.672,
  "training_duration": "0:52:58.093335",
  "training_start_epoch": 0,
  "training_epochs": 137,
  "epoch": 137,
  "training_accuracy": 0.9843636363636363,
  "training_accuracy3": 0.9974545454545455,
  "training_precision-overall": 0.935779816513761,
  "training_recall-overall": 0.9999999999999994,
  "training_f1-measure-overall": 0.9668246445497126,
  "training_loss": 96.54639434814453,
  "training_cpu_memory_MB": 5237.672,
  "validation_accuracy": 0.9772727272727273,
  "validation_accuracy3": 0.980909090909091,
  "validation_precision-overall": 0.9999999999999993,
  "validation_recall-overall": 0.901960784313725,
  "validation_f1-measure-overall": 0.9484536082473723,
  "validation_loss": 101.7822265625,
  "best_validation_accuracy": 0.9818181818181818,
  "best_validation_accuracy3": 0.9970909090909091,
  "best_validation_precision-overall": 0.9272727272727268,
  "best_validation_recall-overall": 0.9999999999999994,
  "best_validation_f1-measure-overall": 0.9622641509433457,
  "best_validation_loss": 794.396484375
}