{
  "best_epoch": 49,
  "peak_cpu_memory_MB": 5230.084,
  "training_duration": "0:23:25.625241",
  "training_start_epoch": 0,
  "training_epochs": 51,
  "epoch": 51,
  "training_accuracy": 0.6583636363636364,
  "training_accuracy3": 0.9921818181818182,
  "training_precision-overall": 0.46583850931676984,
  "training_recall-overall": 0.3676470588235292,
  "training_f1-measure-overall": 0.4109589041095395,
  "training_loss": 31560.634765625,
  "training_cpu_memory_MB": 5230.084,
  "validation_accuracy": 0.9818181818181818,
  "validation_accuracy3": 0.9970909090909091,
  "validation_precision-overall": 0.9272727272727268,
  "validation_recall-overall": 0.9999999999999994,
  "validation_f1-measure-overall": 0.9622641509433457,
  "validation_loss": 1372.0390625,
  "best_validation_accuracy": 0.9818181818181818,
  "best_validation_accuracy3": 0.9970909090909091,
  "best_validation_precision-overall": 0.9272727272727268,
  "best_validation_recall-overall": 0.9999999999999994,
  "best_validation_f1-measure-overall": 0.9622641509433457,
  "best_validation_loss": 794.396484375
}