{
  "best_epoch": 49,
  "peak_cpu_memory_MB": 5237.672,
  "training_duration": "0:51:22.428715",
  "training_start_epoch": 0,
  "training_epochs": 132,
  "epoch": 132,
  "training_accuracy": 0.9807272727272728,
  "training_accuracy3": 0.9970909090909091,
  "training_precision-overall": 0.9026548672566367,
  "training_recall-overall": 0.9999999999999994,
  "training_f1-measure-overall": 0.9488372093022752,
  "training_loss": 128.90863037109375,
  "training_cpu_memory_MB": 5237.672,
  "validation_accuracy": 0.9818181818181818,
  "validation_accuracy3": 0.9970909090909091,
  "validation_precision-overall": 0.9272727272727268,
  "validation_recall-overall": 0.9999999999999994,
  "validation_f1-measure-overall": 0.9622641509433457,
  "validation_loss": 109.0341796875,
  "best_validation_accuracy": 0.9818181818181818,
  "best_validation_accuracy3": 0.9970909090909091,
  "best_validation_precision-overall": 0.9272727272727268,
  "best_validation_recall-overall": 0.9999999999999994,
  "best_validation_f1-measure-overall": 0.9622641509433457,
  "best_validation_loss": 794.396484375
}