{
  "best_epoch": 49,
  "peak_cpu_memory_MB": 5237.672,
  "training_duration": "0:53:17.348376",
  "training_start_epoch": 0,
  "training_epochs": 138,
  "epoch": 138,
  "training_accuracy": 0.9772727272727273,
  "training_accuracy3": 0.980909090909091,
  "training_precision-overall": 0.9999999999999993,
  "training_recall-overall": 0.901960784313725,
  "training_f1-measure-overall": 0.9484536082473723,
  "training_loss": 101.25733947753906,
  "training_cpu_memory_MB": 5237.672,
  "validation_accuracy": 0.9814545454545455,
  "validation_accuracy3": 0.992,
  "validation_precision-overall": 0.9793814432989685,
  "validation_recall-overall": 0.9313725490196073,
  "validation_f1-measure-overall": 0.9547738693466832,
  "validation_loss": 98.404296875,
  "best_validation_accuracy": 0.9818181818181818,
  "best_validation_accuracy3": 0.9970909090909091,
  "best_validation_precision-overall": 0.9272727272727268,
  "best_validation_recall-overall": 0.9999999999999994,
  "best_validation_f1-measure-overall": 0.9622641509433457,
  "best_validation_loss": 794.396484375
}