{
  "best_epoch": 49,
  "peak_cpu_memory_MB": 5230.108,
  "training_duration": "0:26:35.597515",
  "training_start_epoch": 0,
  "training_epochs": 57,
  "epoch": 57,
  "training_accuracy": 0.8227272727272728,
  "training_accuracy3": 0.9952727272727273,
  "training_precision-overall": 0.5802469135802465,
  "training_recall-overall": 0.46078431372548995,
  "training_f1-measure-overall": 0.5136612021857427,
  "training_loss": 12487.775390625,
  "training_cpu_memory_MB": 5230.108,
  "validation_accuracy": 0.9818181818181818,
  "validation_accuracy3": 0.9970909090909091,
  "validation_precision-overall": 0.9272727272727268,
  "validation_recall-overall": 0.9999999999999994,
  "validation_f1-measure-overall": 0.9622641509433457,
  "validation_loss": 462.939453125,
  "best_validation_accuracy": 0.9818181818181818,
  "best_validation_accuracy3": 0.9970909090909091,
  "best_validation_precision-overall": 0.9272727272727268,
  "best_validation_recall-overall": 0.9999999999999994,
  "best_validation_f1-measure-overall": 0.9622641509433457,
  "best_validation_loss": 794.396484375
}