{
  "best_epoch": 179,
  "peak_cpu_memory_MB": 5237.672,
  "training_duration": "1:08:03.905894",
  "training_start_epoch": 0,
  "training_epochs": 184,
  "epoch": 184,
  "training_accuracy": 0.7858181818181819,
  "training_accuracy3": 0.8083636363636364,
  "training_precision-overall": 0.951923076923076,
  "training_recall-overall": 0.48529411764705854,
  "training_f1-measure-overall": 0.6428571428570977,
  "training_loss": 2369.64794921875,
  "training_cpu_memory_MB": 5237.672,
  "validation_accuracy": 0.7852727272727272,
  "validation_accuracy3": 0.8052727272727273,
  "validation_precision-overall": 0.9999999999999989,
  "validation_recall-overall": 0.46078431372548995,
  "validation_f1-measure-overall": 0.630872483221433,
  "validation_loss": 6141.9033203125,
  "best_validation_accuracy": 0.9934545454545455,
  "best_validation_accuracy3": 0.9958181818181818,
  "best_validation_precision-overall": 0.9900990099009895,
  "best_validation_recall-overall": 0.9803921568627445,
  "best_validation_f1-measure-overall": 0.9852216748767968,
  "best_validation_loss": 70.316650390625
}