{
  "best_epoch": 49,
  "peak_cpu_memory_MB": 5230.112,
  "training_duration": "0:43:01.270773",
  "training_start_epoch": 0,
  "training_epochs": 106,
  "epoch": 106,
  "training_accuracy": 0.9816363636363636,
  "training_accuracy3": 0.9970909090909091,
  "training_precision-overall": 0.926940639269406,
  "training_recall-overall": 0.9950980392156857,
  "training_f1-measure-overall": 0.9598108747044413,
  "training_loss": 191.0001220703125,
  "training_cpu_memory_MB": 5230.112,
  "validation_accuracy": 0.9818181818181818,
  "validation_accuracy3": 0.9970909090909091,
  "validation_precision-overall": 0.9272727272727268,
  "validation_recall-overall": 0.9999999999999994,
  "validation_f1-measure-overall": 0.9622641509433457,
  "validation_loss": 190.1875,
  "best_validation_accuracy": 0.9818181818181818,
  "best_validation_accuracy3": 0.9970909090909091,
  "best_validation_precision-overall": 0.9272727272727268,
  "best_validation_recall-overall": 0.9999999999999994,
  "best_validation_f1-measure-overall": 0.9622641509433457,
  "best_validation_loss": 794.396484375
}