{
  "best_epoch": 49,
  "peak_cpu_memory_MB": 5237.672,
  "training_duration": "0:53:57.771092",
  "training_start_epoch": 0,
  "training_epochs": 140,
  "epoch": 140,
  "training_accuracy": 0.9821818181818182,
  "training_accuracy3": 0.9970909090909091,
  "training_precision-overall": 0.9439252336448594,
  "training_recall-overall": 0.990196078431372,
  "training_f1-measure-overall": 0.9665071770334425,
  "training_loss": 99.72268676757812,
  "training_cpu_memory_MB": 5237.672,
  "validation_accuracy": 0.9818181818181818,
  "validation_accuracy3": 0.992,
  "validation_precision-overall": 0.9433962264150938,
  "validation_recall-overall": 0.9803921568627445,
  "validation_f1-measure-overall": 0.9615384615384109,
  "validation_loss": 96.92041015625,
  "best_validation_accuracy": 0.9818181818181818,
  "best_validation_accuracy3": 0.9970909090909091,
  "best_validation_precision-overall": 0.9272727272727268,
  "best_validation_recall-overall": 0.9999999999999994,
  "best_validation_f1-measure-overall": 0.9622641509433457,
  "best_validation_loss": 794.396484375
}