{
  "best_epoch": 49,
  "peak_cpu_memory_MB": 5230.112,
  "training_duration": "0:40:28.351542",
  "training_start_epoch": 0,
  "training_epochs": 98,
  "epoch": 98,
  "training_accuracy": 0.8638181818181818,
  "training_accuracy3": 0.9961818181818182,
  "training_precision-overall": 0.6526946107784427,
  "training_recall-overall": 0.5343137254901957,
  "training_f1-measure-overall": 0.5876010781670662,
  "training_loss": 31902.4296875,
  "training_cpu_memory_MB": 5230.112,
  "validation_accuracy": 0.9818181818181818,
  "validation_accuracy3": 0.9970909090909091,
  "validation_precision-overall": 0.9272727272727268,
  "validation_recall-overall": 0.9999999999999994,
  "validation_f1-measure-overall": 0.9622641509433457,
  "validation_loss": 197.21484375,
  "best_validation_accuracy": 0.9818181818181818,
  "best_validation_accuracy3": 0.9970909090909091,
  "best_validation_precision-overall": 0.9272727272727268,
  "best_validation_recall-overall": 0.9999999999999994,
  "best_validation_f1-measure-overall": 0.9622641509433457,
  "best_validation_loss": 794.396484375
}