{
  "best_epoch": 49,
  "peak_cpu_memory_MB": 5230.084,
  "training_duration": "0:22:43.750167",
  "training_start_epoch": 0,
  "training_epochs": 50,
  "epoch": 50,
  "training_accuracy": 0.9738181818181818,
  "training_accuracy3": 0.9874545454545455,
  "training_precision-overall": 0.8963963963963959,
  "training_recall-overall": 0.9754901960784308,
  "training_f1-measure-overall": 0.9342723004694332,
  "training_loss": 821.4844360351562,
  "training_cpu_memory_MB": 5230.084,
  "validation_accuracy": 0.8423636363636363,
  "validation_accuracy3": 0.996,
  "validation_precision-overall": 0.5962732919254654,
  "validation_recall-overall": 0.47058823529411736,
  "validation_f1-measure-overall": 0.5260273972602244,
  "validation_loss": 32716.51171875,
  "best_validation_accuracy": 0.9818181818181818,
  "best_validation_accuracy3": 0.9970909090909091,
  "best_validation_precision-overall": 0.9272727272727268,
  "best_validation_recall-overall": 0.9999999999999994,
  "best_validation_f1-measure-overall": 0.9622641509433457,
  "best_validation_loss": 794.396484375
}