{
  "best_epoch": 179,
  "peak_cpu_memory_MB": 5237.672,
  "training_duration": "1:12:30.793225",
  "training_start_epoch": 0,
  "training_epochs": 198,
  "epoch": 198,
  "training_accuracy": 0.9818181818181818,
  "training_accuracy3": 0.9970909090909091,
  "training_precision-overall": 0.9272727272727268,
  "training_recall-overall": 0.9999999999999994,
  "training_f1-measure-overall": 0.9622641509433457,
  "training_loss": 76.25267791748047,
  "training_cpu_memory_MB": 5237.672,
  "validation_accuracy": 0.9818181818181818,
  "validation_accuracy3": 0.992,
  "validation_precision-overall": 0.9607843137254897,
  "validation_recall-overall": 0.9607843137254897,
  "validation_f1-measure-overall": 0.9607843137254397,
  "validation_loss": 68.583984375,
  "best_validation_accuracy": 0.9934545454545455,
  "best_validation_accuracy3": 0.9958181818181818,
  "best_validation_precision-overall": 0.9900990099009895,
  "best_validation_recall-overall": 0.9803921568627445,
  "best_validation_f1-measure-overall": 0.9852216748767968,
  "best_validation_loss": 70.316650390625
}