{
  "best_epoch": 49,
  "peak_cpu_memory_MB": 5230.108,
  "training_duration": "0:25:31.598997",
  "training_start_epoch": 0,
  "training_epochs": 54,
  "epoch": 54,
  "training_accuracy": 0.9794545454545455,
  "training_accuracy3": 0.9949090909090909,
  "training_precision-overall": 0.9227272727272723,
  "training_recall-overall": 0.9950980392156857,
  "training_f1-measure-overall": 0.9575471698112703,
  "training_loss": 722.3125610351562,
  "training_cpu_memory_MB": 5230.108,
  "validation_accuracy": 0.9818181818181818,
  "validation_accuracy3": 0.9970909090909091,
  "validation_precision-overall": 0.9272727272727268,
  "validation_recall-overall": 0.9999999999999994,
  "validation_f1-measure-overall": 0.9622641509433457,
  "validation_loss": 622.5078125,
  "best_validation_accuracy": 0.9818181818181818,
  "best_validation_accuracy3": 0.9970909090909091,
  "best_validation_precision-overall": 0.9272727272727268,
  "best_validation_recall-overall": 0.9999999999999994,
  "best_validation_f1-measure-overall": 0.9622641509433457,
  "best_validation_loss": 794.396484375
}