{
  "best_epoch": 49,
  "peak_cpu_memory_MB": 5230.112,
  "training_duration": "0:40:09.587128",
  "training_start_epoch": 0,
  "training_epochs": 97,
  "epoch": 97,
  "training_accuracy": 0.9818181818181818,
  "training_accuracy3": 0.9970909090909091,
  "training_precision-overall": 0.9272727272727268,
  "training_recall-overall": 0.9999999999999994,
  "training_f1-measure-overall": 0.9622641509433457,
  "training_loss": 200.42201232910156,
  "training_cpu_memory_MB": 5230.112,
  "validation_accuracy": 0.8623636363636363,
  "validation_accuracy3": 0.9963636363636363,
  "validation_precision-overall": 0.6086956521739126,
  "validation_recall-overall": 0.48039215686274483,
  "validation_f1-measure-overall": 0.5369863013698135,
  "validation_loss": 25616.609375,
  "best_validation_accuracy": 0.9818181818181818,
  "best_validation_accuracy3": 0.9970909090909091,
  "best_validation_precision-overall": 0.9272727272727268,
  "best_validation_recall-overall": 0.9999999999999994,
  "best_validation_f1-measure-overall": 0.9622641509433457,
  "best_validation_loss": 794.396484375
}