{
  "best_epoch": 49,
  "peak_cpu_memory_MB": 5230.112,
  "training_duration": "0:39:12.407713",
  "training_start_epoch": 0,
  "training_epochs": 94,
  "epoch": 94,
  "training_accuracy": 0.9818181818181818,
  "training_accuracy3": 0.9970909090909091,
  "training_precision-overall": 0.9272727272727268,
  "training_recall-overall": 0.9999999999999994,
  "training_f1-measure-overall": 0.9622641509433457,
  "training_loss": 232.67982482910156,
  "training_cpu_memory_MB": 5230.112,
  "validation_accuracy": 0.9794545454545455,
  "validation_accuracy3": 0.9894545454545455,
  "validation_precision-overall": 0.9389671361502342,
  "validation_recall-overall": 0.9803921568627445,
  "validation_f1-measure-overall": 0.9592326139088223,
  "validation_loss": 223.61328125,
  "best_validation_accuracy": 0.9818181818181818,
  "best_validation_accuracy3": 0.9970909090909091,
  "best_validation_precision-overall": 0.9272727272727268,
  "best_validation_recall-overall": 0.9999999999999994,
  "best_validation_f1-measure-overall": 0.9622641509433457,
  "best_validation_loss": 794.396484375
}