{
  "best_epoch": 49,
  "peak_cpu_memory_MB": 5237.672,
  "training_duration": "0:52:00.638303",
  "training_start_epoch": 0,
  "training_epochs": 134,
  "epoch": 134,
  "training_accuracy": 0.9618181818181818,
  "training_accuracy3": 0.9887272727272727,
  "training_precision-overall": 0.9603960396039595,
  "training_recall-overall": 0.4754901960784311,
  "training_f1-measure-overall": 0.6360655737704471,
  "training_loss": 827.8432006835938,
  "training_cpu_memory_MB": 5237.672,
  "validation_accuracy": 0.9818181818181818,
  "validation_accuracy3": 0.9970909090909091,
  "validation_precision-overall": 0.9272727272727268,
  "validation_recall-overall": 0.9999999999999994,
  "validation_f1-measure-overall": 0.9622641509433457,
  "validation_loss": 100.572265625,
  "best_validation_accuracy": 0.9818181818181818,
  "best_validation_accuracy3": 0.9970909090909091,
  "best_validation_precision-overall": 0.9272727272727268,
  "best_validation_recall-overall": 0.9999999999999994,
  "best_validation_f1-measure-overall": 0.9622641509433457,
  "best_validation_loss": 794.396484375
}