{
  "best_epoch": 179,
  "peak_cpu_memory_MB": 5237.672,
  "training_duration": "1:09:19.091123",
  "training_start_epoch": 0,
  "training_epochs": 188,
  "epoch": 188,
  "training_accuracy": 0.986909090909091,
  "training_accuracy3": 0.996,
  "training_precision-overall": 0.9571428571428566,
  "training_recall-overall": 0.9852941176470583,
  "training_f1-measure-overall": 0.9710144927535728,
  "training_loss": 89.18753051757812,
  "training_cpu_memory_MB": 5237.672,
  "validation_accuracy": 0.9818181818181818,
  "validation_accuracy3": 0.9970909090909091,
  "validation_precision-overall": 0.9272727272727268,
  "validation_recall-overall": 0.9999999999999994,
  "validation_f1-measure-overall": 0.9622641509433457,
  "validation_loss": 74.119140625,
  "best_validation_accuracy": 0.9934545454545455,
  "best_validation_accuracy3": 0.9958181818181818,
  "best_validation_precision-overall": 0.9900990099009895,
  "best_validation_recall-overall": 0.9803921568627445,
  "best_validation_f1-measure-overall": 0.9852216748767968,
  "best_validation_loss": 70.316650390625
}