{
  "best_epoch": 49,
  "peak_cpu_memory_MB": 5230.112,
  "training_duration": "0:33:36.934489",
  "training_start_epoch": 0,
  "training_epochs": 77,
  "epoch": 77,
  "training_accuracy": 0.9818181818181818,
  "training_accuracy3": 0.9970909090909091,
  "training_precision-overall": 0.9272727272727268,
  "training_recall-overall": 0.9999999999999994,
  "training_f1-measure-overall": 0.9622641509433457,
  "training_loss": 415.8995666503906,
  "training_cpu_memory_MB": 5230.112,
  "validation_accuracy": 0.9647272727272728,
  "validation_accuracy3": 0.9970909090909091,
  "validation_precision-overall": 0.9272727272727265,
  "validation_recall-overall": 0.4999999999999997,
  "validation_f1-measure-overall": 0.6496815286623745,
  "validation_loss": 441.546875,
  "best_validation_accuracy": 0.9818181818181818,
  "best_validation_accuracy3": 0.9970909090909091,
  "best_validation_precision-overall": 0.9272727272727268,
  "best_validation_recall-overall": 0.9999999999999994,
  "best_validation_f1-measure-overall": 0.9622641509433457,
  "best_validation_loss": 794.396484375
}