{
  "best_epoch": 142,
  "peak_cpu_memory_MB": 5237.672,
  "training_duration": "0:56:12.507170",
  "training_start_epoch": 0,
  "training_epochs": 147,
  "epoch": 147,
  "training_accuracy": 0.9821818181818182,
  "training_accuracy3": 0.9970909090909091,
  "training_precision-overall": 0.935779816513761,
  "training_recall-overall": 0.9999999999999994,
  "training_f1-measure-overall": 0.9668246445497126,
  "training_loss": 110.44194793701172,
  "training_cpu_memory_MB": 5237.672,
  "validation_accuracy": 0.9818181818181818,
  "validation_accuracy3": 0.9970909090909091,
  "validation_precision-overall": 0.9272727272727268,
  "validation_recall-overall": 0.9999999999999994,
  "validation_f1-measure-overall": 0.9622641509433457,
  "validation_loss": 91.3740234375,
  "best_validation_accuracy": 0.9878181818181818,
  "best_validation_accuracy3": 0.9969090909090909,
  "best_validation_precision-overall": 0.9619047619047614,
  "best_validation_recall-overall": 0.990196078431372,
  "best_validation_f1-measure-overall": 0.9758454106279689,
  "best_validation_loss": 88.03759765625
}