{
  "best_epoch": 142,
  "peak_cpu_memory_MB": 5237.672,
  "training_duration": "1:01:39.193174",
  "training_start_epoch": 0,
  "training_epochs": 164,
  "epoch": 164,
  "training_accuracy": 0.9810909090909091,
  "training_accuracy3": 0.986,
  "training_precision-overall": 0.9844559585492222,
  "training_recall-overall": 0.9313725490196073,
  "training_f1-measure-overall": 0.9571788413097732,
  "training_loss": 91.3604736328125,
  "training_cpu_memory_MB": 5237.672,
  "validation_accuracy": 0.9838181818181818,
  "validation_accuracy3": 0.9863636363636363,
  "validation_precision-overall": 0.9999999999999994,
  "validation_recall-overall": 0.9313725490196073,
  "validation_f1-measure-overall": 0.9644670050760916,
  "validation_loss": 80.6865234375,
  "best_validation_accuracy": 0.9878181818181818,
  "best_validation_accuracy3": 0.9969090909090909,
  "best_validation_precision-overall": 0.9619047619047614,
  "best_validation_recall-overall": 0.990196078431372,
  "best_validation_f1-measure-overall": 0.9758454106279689,
  "best_validation_loss": 88.03759765625
}