{
  "best_epoch": 176,
  "peak_cpu_memory_MB": 5237.672,
  "training_duration": "1:06:08.332046",
  "training_start_epoch": 0,
  "training_epochs": 178,
  "epoch": 178,
  "training_accuracy": 0.9798181818181818,
  "training_accuracy3": 0.9843636363636363,
  "training_precision-overall": 0.9894736842105257,
  "training_recall-overall": 0.9215686274509799,
  "training_f1-measure-overall": 0.9543147208121323,
  "training_loss": 76.61011505126953,
  "training_cpu_memory_MB": 5237.672,
  "validation_accuracy": 0.9818181818181818,
  "validation_accuracy3": 0.9847272727272727,
  "validation_precision-overall": 0.9999999999999994,
  "validation_recall-overall": 0.9215686274509799,
  "validation_f1-measure-overall": 0.9591836734693373,
  "validation_loss": 73.3310546875,
  "best_validation_accuracy": 0.992,
  "best_validation_accuracy3": 0.9985454545454545,
  "best_validation_precision-overall": 0.9622641509433957,
  "best_validation_recall-overall": 0.9999999999999994,
  "best_validation_f1-measure-overall": 0.9807692307691802,
  "best_validation_loss": 76.123046875
}