{
  "best_epoch": 142,
  "peak_cpu_memory_MB": 5237.672,
  "training_duration": "1:02:54.629380",
  "training_start_epoch": 0,
  "training_epochs": 168,
  "epoch": 168,
  "training_accuracy": 0.9843636363636363,
  "training_accuracy3": 0.986909090909091,
  "training_precision-overall": 0.9896907216494839,
  "training_recall-overall": 0.9411764705882347,
  "training_f1-measure-overall": 0.9648241206029644,
  "training_loss": 80.9596176147461,
  "training_cpu_memory_MB": 5237.672,
  "validation_accuracy": 0.9843636363636363,
  "validation_accuracy3": 0.9923636363636363,
  "validation_precision-overall": 0.9702970297029697,
  "validation_recall-overall": 0.9607843137254897,
  "validation_f1-measure-overall": 0.96551724137926,
  "validation_loss": 95.453125,
  "best_validation_accuracy": 0.9878181818181818,
  "best_validation_accuracy3": 0.9969090909090909,
  "best_validation_precision-overall": 0.9619047619047614,
  "best_validation_recall-overall": 0.990196078431372,
  "best_validation_f1-measure-overall": 0.9758454106279689,
  "best_validation_loss": 88.03759765625
}