{
  "best_epoch": 142,
  "peak_cpu_memory_MB": 5237.672,
  "training_duration": "1:03:15.876777",
  "training_start_epoch": 0,
  "training_epochs": 169,
  "epoch": 169,
  "training_accuracy": 0.9787272727272728,
  "training_accuracy3": 0.9892727272727273,
  "training_precision-overall": 0.955882352941176,
  "training_recall-overall": 0.955882352941176,
  "training_f1-measure-overall": 0.955882352941126,
  "training_loss": 103.1397933959961,
  "training_cpu_memory_MB": 5237.672,
  "validation_accuracy": 0.9818181818181818,
  "validation_accuracy3": 0.9847272727272727,
  "validation_precision-overall": 0.9999999999999994,
  "validation_recall-overall": 0.9215686274509799,
  "validation_f1-measure-overall": 0.9591836734693373,
  "validation_loss": 79.6025390625,
  "best_validation_accuracy": 0.9878181818181818,
  "best_validation_accuracy3": 0.9969090909090909,
  "best_validation_precision-overall": 0.9619047619047614,
  "best_validation_recall-overall": 0.990196078431372,
  "best_validation_f1-measure-overall": 0.9758454106279689,
  "best_validation_loss": 88.03759765625
}