{
  "best_epoch": 176,
  "peak_cpu_memory_MB": 5237.672,
  "training_duration": "1:05:49.532914",
  "training_start_epoch": 0,
  "training_epochs": 177,
  "epoch": 177,
  "training_accuracy": 0.992,
  "training_accuracy3": 0.9985454545454545,
  "training_precision-overall": 0.9622641509433957,
  "training_recall-overall": 0.9999999999999994,
  "training_f1-measure-overall": 0.9807692307691802,
  "training_loss": 75.23245239257812,
  "training_cpu_memory_MB": 5237.672,
  "validation_accuracy": 0.9818181818181818,
  "validation_accuracy3": 0.9847272727272727,
  "validation_precision-overall": 0.9999999999999994,
  "validation_recall-overall": 0.9215686274509799,
  "validation_f1-measure-overall": 0.9591836734693373,
  "validation_loss": 73.474609375,
  "best_validation_accuracy": 0.992,
  "best_validation_accuracy3": 0.9985454545454545,
  "best_validation_precision-overall": 0.9622641509433957,
  "best_validation_recall-overall": 0.9999999999999994,
  "best_validation_f1-measure-overall": 0.9807692307691802,
  "best_validation_loss": 76.123046875
}