{
  "best_epoch": 179,
  "peak_cpu_memory_MB": 5237.672,
  "training_duration": "1:10:17.681162",
  "training_start_epoch": 0,
  "training_epochs": 191,
  "epoch": 191,
  "training_accuracy": 0.9914545454545455,
  "training_accuracy3": 0.9967272727272727,
  "training_precision-overall": 0.9711538461538456,
  "training_recall-overall": 0.990196078431372,
  "training_f1-measure-overall": 0.9805825242717942,
  "training_loss": 78.42778778076172,
  "training_cpu_memory_MB": 5237.672,
  "validation_accuracy": 0.9818181818181818,
  "validation_accuracy3": 0.9847272727272727,
  "validation_precision-overall": 0.9999999999999994,
  "validation_recall-overall": 0.9215686274509799,
  "validation_f1-measure-overall": 0.9591836734693373,
  "validation_loss": 77.2509765625,
  "best_validation_accuracy": 0.9934545454545455,
  "best_validation_accuracy3": 0.9958181818181818,
  "best_validation_precision-overall": 0.9900990099009895,
  "best_validation_recall-overall": 0.9803921568627445,
  "best_validation_f1-measure-overall": 0.9852216748767968,
  "best_validation_loss": 70.316650390625
}