{
  "best_epoch": 49,
  "peak_cpu_memory_MB": 5237.672,
  "training_duration": "0:50:44.112281",
  "training_start_epoch": 0,
  "training_epochs": 130,
  "epoch": 130,
  "training_accuracy": 0.978909090909091,
  "training_accuracy3": 0.9974545454545455,
  "training_precision-overall": 0.9597701149425281,
  "training_recall-overall": 0.8186274509803917,
  "training_f1-measure-overall": 0.8835978835978335,
  "training_loss": 184.45156860351562,
  "training_cpu_memory_MB": 5237.672,
  "validation_accuracy": 0.9818181818181818,
  "validation_accuracy3": 0.9970909090909091,
  "validation_precision-overall": 0.9272727272727268,
  "validation_recall-overall": 0.9999999999999994,
  "validation_f1-measure-overall": 0.9622641509433457,
  "validation_loss": 121.857421875,
  "best_validation_accuracy": 0.9818181818181818,
  "best_validation_accuracy3": 0.9970909090909091,
  "best_validation_precision-overall": 0.9272727272727268,
  "best_validation_recall-overall": 0.9999999999999994,
  "best_validation_f1-measure-overall": 0.9622641509433457,
  "best_validation_loss": 794.396484375
}