{
  "best_epoch": 142,
  "peak_cpu_memory_MB": 5237.672,
  "training_duration": "0:56:52.694546",
  "training_start_epoch": 0,
  "training_epochs": 149,
  "epoch": 149,
  "training_accuracy": 0.978909090909091,
  "training_accuracy3": 0.9925454545454545,
  "training_precision-overall": 0.9348837209302321,
  "training_recall-overall": 0.9852941176470583,
  "training_f1-measure-overall": 0.959427207637181,
  "training_loss": 111.54644012451172,
  "training_cpu_memory_MB": 5237.672,
  "validation_accuracy": 0.9818181818181818,
  "validation_accuracy3": 0.9970909090909091,
  "validation_precision-overall": 0.9272727272727268,
  "validation_recall-overall": 0.9999999999999994,
  "validation_f1-measure-overall": 0.9622641509433457,
  "validation_loss": 88.888671875,
  "best_validation_accuracy": 0.9878181818181818,
  "best_validation_accuracy3": 0.9969090909090909,
  "best_validation_precision-overall": 0.9619047619047614,
  "best_validation_recall-overall": 0.990196078431372,
  "best_validation_f1-measure-overall": 0.9758454106279689,
  "best_validation_loss": 88.03759765625
}