{
  "best_epoch": 179,
  "peak_cpu_memory_MB": 5237.672,
  "training_duration": "1:09:58.781480",
  "training_start_epoch": 0,
  "training_epochs": 190,
  "epoch": 190,
  "training_accuracy": 0.9818181818181818,
  "training_accuracy3": 0.9970909090909091,
  "training_precision-overall": 0.9272727272727268,
  "training_recall-overall": 0.9999999999999994,
  "training_f1-measure-overall": 0.9622641509433457,
  "training_loss": 74.85942077636719,
  "training_cpu_memory_MB": 5237.672,
  "validation_accuracy": 0.9843636363636363,
  "validation_accuracy3": 0.992,
  "validation_precision-overall": 0.9611650485436888,
  "validation_recall-overall": 0.9705882352941171,
  "validation_f1-measure-overall": 0.9658536585365349,
  "validation_loss": 76.5859375,
  "best_validation_accuracy": 0.9934545454545455,
  "best_validation_accuracy3": 0.9958181818181818,
  "best_validation_precision-overall": 0.9900990099009895,
  "best_validation_recall-overall": 0.9803921568627445,
  "best_validation_f1-measure-overall": 0.9852216748767968,
  "best_validation_loss": 70.316650390625
}