{
  "best_epoch": 49,
  "peak_cpu_memory_MB": 5237.672,
  "training_duration": "0:51:03.458084",
  "training_start_epoch": 0,
  "training_epochs": 131,
  "epoch": 131,
  "training_accuracy": 0.9818181818181818,
  "training_accuracy3": 0.9970909090909091,
  "training_precision-overall": 0.9351851851851847,
  "training_recall-overall": 0.990196078431372,
  "training_f1-measure-overall": 0.9619047619047114,
  "training_loss": 129.2245330810547,
  "training_cpu_memory_MB": 5237.672,
  "validation_accuracy": 0.9810909090909091,
  "validation_accuracy3": 0.9970909090909091,
  "validation_precision-overall": 0.9107142857142853,
  "validation_recall-overall": 0.9999999999999994,
  "validation_f1-measure-overall": 0.9532710280373328,
  "validation_loss": 119.5966796875,
  "best_validation_accuracy": 0.9818181818181818,
  "best_validation_accuracy3": 0.9970909090909091,
  "best_validation_precision-overall": 0.9272727272727268,
  "best_validation_recall-overall": 0.9999999999999994,
  "best_validation_f1-measure-overall": 0.9622641509433457,
  "best_validation_loss": 794.396484375
}