{
  "best_epoch": 179,
  "peak_cpu_memory_MB": 5237.672,
  "training_duration": "1:11:52.730709",
  "training_start_epoch": 0,
  "training_epochs": 196,
  "epoch": 196,
  "training_accuracy": 0.9823636363636363,
  "training_accuracy3": 0.9896363636363636,
  "training_precision-overall": 0.9699999999999994,
  "training_recall-overall": 0.9509803921568623,
  "training_f1-measure-overall": 0.9603960396039098,
  "training_loss": 71.17547607421875,
  "training_cpu_memory_MB": 5237.672,
  "validation_accuracy": 0.9818181818181818,
  "validation_accuracy3": 0.9970909090909091,
  "validation_precision-overall": 0.9272727272727268,
  "validation_recall-overall": 0.9999999999999994,
  "validation_f1-measure-overall": 0.9622641509433457,
  "validation_loss": 72.361328125,
  "best_validation_accuracy": 0.9934545454545455,
  "best_validation_accuracy3": 0.9958181818181818,
  "best_validation_precision-overall": 0.9900990099009895,
  "best_validation_recall-overall": 0.9803921568627445,
  "best_validation_f1-measure-overall": 0.9852216748767968,
  "best_validation_loss": 70.316650390625
}