{
  "best_epoch": 49,
  "peak_cpu_memory_MB": 5237.672,
  "training_duration": "0:50:03.633331",
  "training_start_epoch": 0,
  "training_epochs": 128,
  "epoch": 128,
  "training_accuracy": 0.982909090909091,
  "training_accuracy3": 0.9930909090909091,
  "training_precision-overall": 0.9302325581395344,
  "training_recall-overall": 0.9803921568627445,
  "training_f1-measure-overall": 0.9546539379474435,
  "training_loss": 137.96572875976562,
  "training_cpu_memory_MB": 5237.672,
  "validation_accuracy": 0.9814545454545455,
  "validation_accuracy3": 0.9970909090909091,
  "validation_precision-overall": 0.9603960396039598,
  "validation_recall-overall": 0.9509803921568623,
  "validation_f1-measure-overall": 0.9556650246304915,
  "validation_loss": 133.6318359375,
  "best_validation_accuracy": 0.9818181818181818,
  "best_validation_accuracy3": 0.9970909090909091,
  "best_validation_precision-overall": 0.9272727272727268,
  "best_validation_recall-overall": 0.9999999999999994,
  "best_validation_f1-measure-overall": 0.9622641509433457,
  "best_validation_loss": 794.396484375
}