{
  "best_epoch": 142,
  "peak_cpu_memory_MB": 5237.672,
  "training_duration": "1:03:35.041591",
  "training_start_epoch": 0,
  "training_epochs": 170,
  "epoch": 170,
  "training_accuracy": 0.9796363636363636,
  "training_accuracy3": 0.9861818181818182,
  "training_precision-overall": 0.9795918367346933,
  "training_recall-overall": 0.9411764705882347,
  "training_f1-measure-overall": 0.9599999999999494,
  "training_loss": 90.2916488647461,
  "training_cpu_memory_MB": 5237.672,
  "validation_accuracy": 0.9818181818181818,
  "validation_accuracy3": 0.9847272727272727,
  "validation_precision-overall": 0.9999999999999994,
  "validation_recall-overall": 0.9215686274509799,
  "validation_f1-measure-overall": 0.9591836734693373,
  "validation_loss": 80.65380859375,
  "best_validation_accuracy": 0.9878181818181818,
  "best_validation_accuracy3": 0.9969090909090909,
  "best_validation_precision-overall": 0.9619047619047614,
  "best_validation_recall-overall": 0.990196078431372,
  "best_validation_f1-measure-overall": 0.9758454106279689,
  "best_validation_loss": 88.03759765625
}