{
  "best_epoch": 179,
  "peak_cpu_memory_MB": 5237.672,
  "training_duration": "1:06:29.165969",
  "training_start_epoch": 0,
  "training_epochs": 179,
  "epoch": 179,
  "training_accuracy": 0.9818181818181818,
  "training_accuracy3": 0.9847272727272727,
  "training_precision-overall": 0.9999999999999994,
  "training_recall-overall": 0.9215686274509799,
  "training_f1-measure-overall": 0.9591836734693373,
  "training_loss": 79.37499237060547,
  "training_cpu_memory_MB": 5237.672,
  "validation_accuracy": 0.9934545454545455,
  "validation_accuracy3": 0.9958181818181818,
  "validation_precision-overall": 0.9900990099009895,
  "validation_recall-overall": 0.9803921568627445,
  "validation_f1-measure-overall": 0.9852216748767968,
  "validation_loss": 70.316650390625,
  "best_validation_accuracy": 0.9934545454545455,
  "best_validation_accuracy3": 0.9958181818181818,
  "best_validation_precision-overall": 0.9900990099009895,
  "best_validation_recall-overall": 0.9803921568627445,
  "best_validation_f1-measure-overall": 0.9852216748767968,
  "best_validation_loss": 70.316650390625
}