{
  "best_epoch": 142,
  "peak_cpu_memory_MB": 5237.672,
  "training_duration": "0:59:05.450770",
  "training_start_epoch": 0,
  "training_epochs": 156,
  "epoch": 156,
  "training_accuracy": 0.9790909090909091,
  "training_accuracy3": 0.9970909090909091,
  "training_precision-overall": 0.926108374384236,
  "training_recall-overall": 0.9215686274509799,
  "training_f1-measure-overall": 0.9238329238328733,
  "training_loss": 134.4526824951172,
  "training_cpu_memory_MB": 5237.672,
  "validation_accuracy": 0.9818181818181818,
  "validation_accuracy3": 0.9970909090909091,
  "validation_precision-overall": 0.9272727272727268,
  "validation_recall-overall": 0.9999999999999994,
  "validation_f1-measure-overall": 0.9622641509433457,
  "validation_loss": 100.857421875,
  "best_validation_accuracy": 0.9878181818181818,
  "best_validation_accuracy3": 0.9969090909090909,
  "best_validation_precision-overall": 0.9619047619047614,
  "best_validation_recall-overall": 0.990196078431372,
  "best_validation_f1-measure-overall": 0.9758454106279689,
  "best_validation_loss": 88.03759765625
}