{
  "best_epoch": 141,
  "peak_cpu_memory_MB": 5237.672,
  "training_duration": "0:54:16.940203",
  "training_start_epoch": 0,
  "training_epochs": 141,
  "epoch": 141,
  "training_accuracy": 0.9794545454545455,
  "training_accuracy3": 0.9923636363636363,
  "training_precision-overall": 0.9389671361502342,
  "training_recall-overall": 0.9803921568627445,
  "training_f1-measure-overall": 0.9592326139088223,
  "training_loss": 105.18216705322266,
  "training_cpu_memory_MB": 5237.672,
  "validation_accuracy": 0.9836363636363636,
  "validation_accuracy3": 0.9974545454545455,
  "validation_precision-overall": 0.931506849315068,
  "validation_recall-overall": 0.9999999999999994,
  "validation_f1-measure-overall": 0.9645390070921481,
  "validation_loss": 97.9072265625,
  "best_validation_accuracy": 0.9836363636363636,
  "best_validation_accuracy3": 0.9974545454545455,
  "best_validation_precision-overall": 0.931506849315068,
  "best_validation_recall-overall": 0.9999999999999994,
  "best_validation_f1-measure-overall": 0.9645390070921481,
  "best_validation_loss": 97.9072265625
}