{
  "best_epoch": 142,
  "peak_cpu_memory_MB": 5237.672,
  "training_duration": "1:04:13.560780",
  "training_start_epoch": 0,
  "training_epochs": 172,
  "epoch": 172,
  "training_accuracy": 0.988909090909091,
  "training_accuracy3": 0.9950909090909091,
  "training_precision-overall": 0.9708737864077664,
  "training_recall-overall": 0.9803921568627445,
  "training_f1-measure-overall": 0.9756097560975105,
  "training_loss": 78.17591094970703,
  "training_cpu_memory_MB": 5237.672,
  "validation_accuracy": 0.9818181818181818,
  "validation_accuracy3": 0.9970909090909091,
  "validation_precision-overall": 0.9272727272727268,
  "validation_recall-overall": 0.9999999999999994,
  "validation_f1-measure-overall": 0.9622641509433457,
  "validation_loss": 76.0693359375,
  "best_validation_accuracy": 0.9878181818181818,
  "best_validation_accuracy3": 0.9969090909090909,
  "best_validation_precision-overall": 0.9619047619047614,
  "best_validation_recall-overall": 0.990196078431372,
  "best_validation_f1-measure-overall": 0.9758454106279689,
  "best_validation_loss": 88.03759765625
}