{
  "best_epoch": 49,
  "peak_cpu_memory_MB": 5230.112,
  "training_duration": "0:41:46.359897",
  "training_start_epoch": 0,
  "training_epochs": 102,
  "epoch": 102,
  "training_accuracy": 0.9838181818181818,
  "training_accuracy3": 0.9956363636363637,
  "training_precision-overall": 0.9398148148148143,
  "training_recall-overall": 0.9950980392156857,
  "training_f1-measure-overall": 0.9666666666666162,
  "training_loss": 184.6915283203125,
  "training_cpu_memory_MB": 5230.112,
  "validation_accuracy": 0.9818181818181818,
  "validation_accuracy3": 0.9970909090909091,
  "validation_precision-overall": 0.9272727272727268,
  "validation_recall-overall": 0.9999999999999994,
  "validation_f1-measure-overall": 0.9622641509433457,
  "validation_loss": 189.4140625,
  "best_validation_accuracy": 0.9818181818181818,
  "best_validation_accuracy3": 0.9970909090909091,
  "best_validation_precision-overall": 0.9272727272727268,
  "best_validation_recall-overall": 0.9999999999999994,
  "best_validation_f1-measure-overall": 0.9622641509433457,
  "best_validation_loss": 794.396484375
}