{
  "best_epoch": 179,
  "peak_cpu_memory_MB": 5237.672,
  "training_duration": "1:08:22.683273",
  "training_start_epoch": 0,
  "training_epochs": 185,
  "epoch": 185,
  "training_accuracy": 0.7856363636363637,
  "training_accuracy3": 0.8052727272727273,
  "training_precision-overall": 0.999999999999999,
  "training_recall-overall": 0.47058823529411736,
  "training_f1-measure-overall": 0.639999999999956,
  "training_loss": 6020.61083984375,
  "training_cpu_memory_MB": 5237.672,
  "validation_accuracy": 0.7852727272727272,
  "validation_accuracy3": 0.8052727272727273,
  "validation_precision-overall": 0.9999999999999989,
  "validation_recall-overall": 0.46078431372548995,
  "validation_f1-measure-overall": 0.630872483221433,
  "validation_loss": 3054.41943359375,
  "best_validation_accuracy": 0.9934545454545455,
  "best_validation_accuracy3": 0.9958181818181818,
  "best_validation_precision-overall": 0.9900990099009895,
  "best_validation_recall-overall": 0.9803921568627445,
  "best_validation_f1-measure-overall": 0.9852216748767968,
  "best_validation_loss": 70.316650390625
}