{
  "best_epoch": 142,
  "peak_cpu_memory_MB": 5237.672,
  "training_duration": "0:56:31.701474",
  "training_start_epoch": 0,
  "training_epochs": 148,
  "epoch": 148,
  "training_accuracy": 0.9798181818181818,
  "training_accuracy3": 0.9954545454545455,
  "training_precision-overall": 0.9266055045871555,
  "training_recall-overall": 0.990196078431372,
  "training_f1-measure-overall": 0.9573459715639305,
  "training_loss": 110.44390106201172,
  "training_cpu_memory_MB": 5237.672,
  "validation_accuracy": 0.9818181818181818,
  "validation_accuracy3": 0.9970909090909091,
  "validation_precision-overall": 0.9272727272727268,
  "validation_recall-overall": 0.9999999999999994,
  "validation_f1-measure-overall": 0.9622641509433457,
  "validation_loss": 89.0751953125,
  "best_validation_accuracy": 0.9878181818181818,
  "best_validation_accuracy3": 0.9969090909090909,
  "best_validation_precision-overall": 0.9619047619047614,
  "best_validation_recall-overall": 0.990196078431372,
  "best_validation_f1-measure-overall": 0.9758454106279689,
  "best_validation_loss": 88.03759765625
}