{
  "best_epoch": 45,
  "peak_cpu_memory_MB": 5230.084,
  "training_duration": "0:19:54.082851",
  "training_start_epoch": 0,
  "training_epochs": 46,
  "epoch": 46,
  "training_accuracy": 0.7950909090909091,
  "training_accuracy3": 0.8167272727272727,
  "training_precision-overall": 0.34384858044164024,
  "training_recall-overall": 0.5343137254901957,
  "training_f1-measure-overall": 0.4184261036467851,
  "training_loss": 972.3945922851562,
  "training_cpu_memory_MB": 5230.084,
  "validation_accuracy": 0.7823636363636364,
  "validation_accuracy3": 0.8052727272727273,
  "validation_precision-overall": 0.30909090909090897,
  "validation_recall-overall": 0.4999999999999997,
  "validation_f1-measure-overall": 0.382022471910065,
  "validation_loss": 939.5078125,
  "best_validation_accuracy": 0.7823636363636364,
  "best_validation_accuracy3": 0.8052727272727273,
  "best_validation_precision-overall": 0.30909090909090897,
  "best_validation_recall-overall": 0.4999999999999997,
  "best_validation_f1-measure-overall": 0.382022471910065,
  "best_validation_loss": 960.36328125
}