{
  "best_epoch": 42,
  "peak_cpu_memory_MB": 5230.084,
  "training_duration": "0:17:48.600307",
  "training_start_epoch": 0,
  "training_epochs": 43,
  "epoch": 43,
  "training_accuracy": 0.41,
  "training_accuracy3": 0.984909090909091,
  "training_precision-overall": 0.2580645161290321,
  "training_recall-overall": 0.1960784313725489,
  "training_f1-measure-overall": 0.22284122562669173,
  "training_loss": 69733.390625,
  "training_cpu_memory_MB": 5230.084,
  "validation_accuracy": 0.32781818181818184,
  "validation_accuracy3": 0.984909090909091,
  "validation_precision-overall": 0.21739130434782594,
  "validation_recall-overall": 0.1715686274509803,
  "validation_f1-measure-overall": 0.1917808219177588,
  "validation_loss": 109087.546875,
  "best_validation_accuracy": 0.46345454545454545,
  "best_validation_accuracy3": 0.9887272727272727,
  "best_validation_precision-overall": 0.3478260869565215,
  "best_validation_recall-overall": 0.2745098039215685,
  "best_validation_f1-measure-overall": 0.3068493150684436,
  "best_validation_loss": 72130.203125
}