{
  "best_epoch": 49,
  "peak_cpu_memory_MB": 5230.108,
  "training_duration": "0:25:54.698089",
  "training_start_epoch": 0,
  "training_epochs": 55,
  "epoch": 55,
  "training_accuracy": 0.9818181818181818,
  "training_accuracy3": 0.9970909090909091,
  "training_precision-overall": 0.9272727272727268,
  "training_recall-overall": 0.9999999999999994,
  "training_f1-measure-overall": 0.9622641509433457,
  "training_loss": 648.3047485351562,
  "training_cpu_memory_MB": 5230.108,
  "validation_accuracy": 0.854,
  "validation_accuracy3": 0.9961818181818182,
  "validation_precision-overall": 0.602484472049689,
  "validation_recall-overall": 0.4754901960784311,
  "validation_f1-measure-overall": 0.5315068493150189,
  "validation_loss": 25254.732421875,
  "best_validation_accuracy": 0.9818181818181818,
  "best_validation_accuracy3": 0.9970909090909091,
  "best_validation_precision-overall": 0.9272727272727268,
  "best_validation_recall-overall": 0.9999999999999994,
  "best_validation_f1-measure-overall": 0.9622641509433457,
  "best_validation_loss": 794.396484375
}