{
  "best_epoch": 49,
  "peak_cpu_memory_MB": 5237.656,
  "training_duration": "0:47:49.935860",
  "training_start_epoch": 0,
  "training_epochs": 121,
  "epoch": 121,
  "training_accuracy": 0.9818181818181818,
  "training_accuracy3": 0.9970909090909091,
  "training_precision-overall": 0.9272727272727268,
  "training_recall-overall": 0.9999999999999994,
  "training_f1-measure-overall": 0.9622641509433457,
  "training_loss": 131.35675048828125,
  "training_cpu_memory_MB": 5237.656,
  "validation_accuracy": 0.9818181818181818,
  "validation_accuracy3": 0.9970909090909091,
  "validation_precision-overall": 0.9272727272727268,
  "validation_recall-overall": 0.9999999999999994,
  "validation_f1-measure-overall": 0.9622641509433457,
  "validation_loss": 123.474609375,
  "best_validation_accuracy": 0.9818181818181818,
  "best_validation_accuracy3": 0.9970909090909091,
  "best_validation_precision-overall": 0.9272727272727268,
  "best_validation_recall-overall": 0.9999999999999994,
  "best_validation_f1-measure-overall": 0.9622641509433457,
  "best_validation_loss": 794.396484375
}