{
  "best_epoch": 49,
  "peak_cpu_memory_MB": 5237.672,
  "training_duration": "0:50:25.004978",
  "training_start_epoch": 0,
  "training_epochs": 129,
  "epoch": 129,
  "training_accuracy": 0.9794545454545455,
  "training_accuracy3": 0.9950909090909091,
  "training_precision-overall": 0.9514563106796111,
  "training_recall-overall": 0.9607843137254897,
  "training_f1-measure-overall": 0.9560975609755593,
  "training_loss": 152.41445922851562,
  "training_cpu_memory_MB": 5237.672,
  "validation_accuracy": 0.9814545454545455,
  "validation_accuracy3": 0.9970909090909091,
  "validation_precision-overall": 0.9603960396039598,
  "validation_recall-overall": 0.9509803921568623,
  "validation_f1-measure-overall": 0.9556650246304915,
  "validation_loss": 177.2705078125,
  "best_validation_accuracy": 0.9818181818181818,
  "best_validation_accuracy3": 0.9970909090909091,
  "best_validation_precision-overall": 0.9272727272727268,
  "best_validation_recall-overall": 0.9999999999999994,
  "best_validation_f1-measure-overall": 0.9622641509433457,
  "best_validation_loss": 794.396484375
}