{
  "best_epoch": 45,
  "peak_cpu_memory_MB": 5230.084,
  "training_duration": "0:19:11.932907",
  "training_start_epoch": 0,
  "training_epochs": 45,
  "epoch": 45,
  "training_accuracy": 0.43727272727272726,
  "training_accuracy3": 0.9709090909090909,
  "training_precision-overall": 0.29518072289156605,
  "training_recall-overall": 0.24019607843137242,
  "training_f1-measure-overall": 0.26486486486481514,
  "training_loss": 62055.09765625,
  "training_cpu_memory_MB": 5230.084,
  "validation_accuracy": 0.7823636363636364,
  "validation_accuracy3": 0.8052727272727273,
  "validation_precision-overall": 0.30909090909090897,
  "validation_recall-overall": 0.4999999999999997,
  "validation_f1-measure-overall": 0.382022471910065,
  "validation_loss": 960.36328125,
  "best_validation_accuracy": 0.7823636363636364,
  "best_validation_accuracy3": 0.8052727272727273,
  "best_validation_precision-overall": 0.30909090909090897,
  "best_validation_recall-overall": 0.4999999999999997,
  "best_validation_f1-measure-overall": 0.382022471910065,
  "best_validation_loss": 960.36328125
}