{
  "best_epoch": 142,
  "peak_cpu_memory_MB": 5237.672,
  "training_duration": "0:54:36.308598",
  "training_start_epoch": 0,
  "training_epochs": 142,
  "epoch": 142,
  "training_accuracy": 0.982,
  "training_accuracy3": 0.994,
  "training_precision-overall": 0.930555555555555,
  "training_recall-overall": 0.9852941176470583,
  "training_f1-measure-overall": 0.9571428571428067,
  "training_loss": 107.77201843261719,
  "training_cpu_memory_MB": 5237.672,
  "validation_accuracy": 0.9878181818181818,
  "validation_accuracy3": 0.9969090909090909,
  "validation_precision-overall": 0.9619047619047614,
  "validation_recall-overall": 0.990196078431372,
  "validation_f1-measure-overall": 0.9758454106279689,
  "validation_loss": 88.03759765625,
  "best_validation_accuracy": 0.9878181818181818,
  "best_validation_accuracy3": 0.9969090909090909,
  "best_validation_precision-overall": 0.9619047619047614,
  "best_validation_recall-overall": 0.990196078431372,
  "best_validation_f1-measure-overall": 0.9758454106279689,
  "best_validation_loss": 88.03759765625
}