{
  "best_epoch": 47,
  "peak_cpu_memory_MB": 5230.084,
  "training_duration": "0:20:35.761705",
  "training_start_epoch": 0,
  "training_epochs": 47,
  "epoch": 47,
  "training_accuracy": 0.7823636363636364,
  "training_accuracy3": 0.8052727272727273,
  "training_precision-overall": 0.3136645962732918,
  "training_recall-overall": 0.495098039215686,
  "training_f1-measure-overall": 0.38403041825090284,
  "training_loss": 951.7188110351562,
  "training_cpu_memory_MB": 5230.084,
  "validation_accuracy": 0.8794545454545455,
  "validation_accuracy3": 0.8996363636363637,
  "validation_precision-overall": 0.5955056179775279,
  "validation_recall-overall": 0.7794117647058819,
  "validation_f1-measure-overall": 0.6751592356687405,
  "validation_loss": 869.380859375,
  "best_validation_accuracy": 0.8794545454545455,
  "best_validation_accuracy3": 0.8996363636363637,
  "best_validation_precision-overall": 0.5955056179775279,
  "best_validation_recall-overall": 0.7794117647058819,
  "best_validation_f1-measure-overall": 0.6751592356687405,
  "best_validation_loss": 869.380859375
}