{
  "best_epoch": 179,
  "peak_cpu_memory_MB": 5237.672,
  "training_duration": "1:10:36.522221",
  "training_start_epoch": 0,
  "training_epochs": 192,
  "epoch": 192,
  "training_accuracy": 0.9794545454545455,
  "training_accuracy3": 0.9865454545454545,
  "training_precision-overall": 0.9646464646464641,
  "training_recall-overall": 0.936274509803921,
  "training_f1-measure-overall": 0.9502487562188551,
  "training_loss": 92.14361572265625,
  "training_cpu_memory_MB": 5237.672,
  "validation_accuracy": 0.9818181818181818,
  "validation_accuracy3": 0.9970909090909091,
  "validation_precision-overall": 0.9272727272727268,
  "validation_recall-overall": 0.9999999999999994,
  "validation_f1-measure-overall": 0.9622641509433457,
  "validation_loss": 72.0693359375,
  "best_validation_accuracy": 0.9934545454545455,
  "best_validation_accuracy3": 0.9958181818181818,
  "best_validation_precision-overall": 0.9900990099009895,
  "best_validation_recall-overall": 0.9803921568627445,
  "best_validation_f1-measure-overall": 0.9852216748767968,
  "best_validation_loss": 70.316650390625
}