{
  "best_epoch": 179,
  "peak_cpu_memory_MB": 5237.672,
  "training_duration": "1:06:48.118662",
  "training_start_epoch": 0,
  "training_epochs": 180,
  "epoch": 180,
  "training_accuracy": 0.9843636363636363,
  "training_accuracy3": 0.9961818181818182,
  "training_precision-overall": 0.9439252336448594,
  "training_recall-overall": 0.990196078431372,
  "training_f1-measure-overall": 0.9665071770334425,
  "training_loss": 69.73411560058594,
  "training_cpu_memory_MB": 5237.672,
  "validation_accuracy": 0.9818181818181818,
  "validation_accuracy3": 0.9970909090909091,
  "validation_precision-overall": 0.9272727272727268,
  "validation_recall-overall": 0.9999999999999994,
  "validation_f1-measure-overall": 0.9622641509433457,
  "validation_loss": 181.490234375,
  "best_validation_accuracy": 0.9934545454545455,
  "best_validation_accuracy3": 0.9958181818181818,
  "best_validation_precision-overall": 0.9900990099009895,
  "best_validation_recall-overall": 0.9803921568627445,
  "best_validation_f1-measure-overall": 0.9852216748767968,
  "best_validation_loss": 70.316650390625
}