{
  "best_epoch": 179,
  "peak_cpu_memory_MB": 5237.672,
  "training_duration": "1:11:33.463519",
  "training_start_epoch": 0,
  "training_epochs": 195,
  "epoch": 195,
  "training_accuracy": 0.9838181818181818,
  "training_accuracy3": 0.9974545454545455,
  "training_precision-overall": 0.935779816513761,
  "training_recall-overall": 0.9999999999999994,
  "training_f1-measure-overall": 0.9668246445497126,
  "training_loss": 79.30435943603516,
  "training_cpu_memory_MB": 5237.672,
  "validation_accuracy": 0.986909090909091,
  "validation_accuracy3": 0.9890909090909091,
  "validation_precision-overall": 0.9999999999999994,
  "validation_recall-overall": 0.9411764705882347,
  "validation_f1-measure-overall": 0.9696969696969192,
  "validation_loss": 69.796875,
  "best_validation_accuracy": 0.9934545454545455,
  "best_validation_accuracy3": 0.9958181818181818,
  "best_validation_precision-overall": 0.9900990099009895,
  "best_validation_recall-overall": 0.9803921568627445,
  "best_validation_f1-measure-overall": 0.9852216748767968,
  "best_validation_loss": 70.316650390625
}