{
  "best_epoch": 49,
  "peak_cpu_memory_MB": 5230.108,
  "training_duration": "0:26:15.142838",
  "training_start_epoch": 0,
  "training_epochs": 56,
  "epoch": 56,
  "training_accuracy": 0.6758181818181819,
  "training_accuracy3": 0.9927272727272727,
  "training_precision-overall": 0.48447204968944063,
  "training_recall-overall": 0.3823529411764704,
  "training_f1-measure-overall": 0.427397260273923,
  "training_loss": 24792.38671875,
  "training_cpu_memory_MB": 5230.108,
  "validation_accuracy": 0.8623636363636363,
  "validation_accuracy3": 0.9963636363636363,
  "validation_precision-overall": 0.6086956521739126,
  "validation_recall-overall": 0.48039215686274483,
  "validation_f1-measure-overall": 0.5369863013698135,
  "validation_loss": 12639.71484375,
  "best_validation_accuracy": 0.9818181818181818,
  "best_validation_accuracy3": 0.9970909090909091,
  "best_validation_precision-overall": 0.9272727272727268,
  "best_validation_recall-overall": 0.9999999999999994,
  "best_validation_f1-measure-overall": 0.9622641509433457,
  "best_validation_loss": 794.396484375
}