{
  "best_epoch": 49,
  "peak_cpu_memory_MB": 5237.672,
  "training_duration": "0:53:38.592911",
  "training_start_epoch": 0,
  "training_epochs": 139,
  "epoch": 139,
  "training_accuracy": 0.9763636363636363,
  "training_accuracy3": 0.9883636363636363,
  "training_precision-overall": 0.9743589743589738,
  "training_recall-overall": 0.9313725490196073,
  "training_f1-measure-overall": 0.9523809523809019,
  "training_loss": 102.9931869506836,
  "training_cpu_memory_MB": 5237.672,
  "validation_accuracy": 0.9818181818181818,
  "validation_accuracy3": 0.9970909090909091,
  "validation_precision-overall": 0.9272727272727268,
  "validation_recall-overall": 0.9999999999999994,
  "validation_f1-measure-overall": 0.9622641509433457,
  "validation_loss": 91.791015625,
  "best_validation_accuracy": 0.9818181818181818,
  "best_validation_accuracy3": 0.9970909090909091,
  "best_validation_precision-overall": 0.9272727272727268,
  "best_validation_recall-overall": 0.9999999999999994,
  "best_validation_f1-measure-overall": 0.9622641509433457,
  "best_validation_loss": 794.396484375
}