{
  "best_epoch": 42,
  "peak_cpu_memory_MB": 5230.084,
  "training_duration": "0:17:07.435935",
  "training_start_epoch": 0,
  "training_epochs": 42,
  "epoch": 42,
  "training_accuracy": 0.7681818181818182,
  "training_accuracy3": 0.8052727272727273,
  "training_precision-overall": 0.0,
  "training_recall-overall": 0.0,
  "training_f1-measure-overall": 0.0,
  "training_loss": 1081.1290283203125,
  "training_cpu_memory_MB": 5230.084,
  "validation_accuracy": 0.46345454545454545,
  "validation_accuracy3": 0.9887272727272727,
  "validation_precision-overall": 0.3478260869565215,
  "validation_recall-overall": 0.2745098039215685,
  "validation_f1-measure-overall": 0.3068493150684436,
  "validation_loss": 72130.203125,
  "best_validation_accuracy": 0.46345454545454545,
  "best_validation_accuracy3": 0.9887272727272727,
  "best_validation_precision-overall": 0.3478260869565215,
  "best_validation_recall-overall": 0.2745098039215685,
  "best_validation_f1-measure-overall": 0.3068493150684436,
  "best_validation_loss": 72130.203125
}