{
  "best_epoch": 44,
  "peak_cpu_memory_MB": 5230.084,
  "training_duration": "0:18:29.315601",
  "training_start_epoch": 0,
  "training_epochs": 44,
  "epoch": 44,
  "training_accuracy": 0.3165454545454545,
  "training_accuracy3": 0.9830909090909091,
  "training_precision-overall": 0.16874999999999987,
  "training_recall-overall": 0.1323529411764705,
  "training_f1-measure-overall": 0.14835164835159897,
  "training_loss": 106452.0625,
  "training_cpu_memory_MB": 5230.084,
  "validation_accuracy": 0.5325454545454545,
  "validation_accuracy3": 0.9903636363636363,
  "validation_precision-overall": 0.40372670807453387,
  "validation_recall-overall": 0.31862745098039197,
  "validation_f1-measure-overall": 0.35616438356159424,
  "validation_loss": 63745.07421875,
  "best_validation_accuracy": 0.5325454545454545,
  "best_validation_accuracy3": 0.9903636363636363,
  "best_validation_precision-overall": 0.40372670807453387,
  "best_validation_recall-overall": 0.31862745098039197,
  "best_validation_f1-measure-overall": 0.35616438356159424,
  "best_validation_loss": 63745.07421875
}