{
  "best_epoch": 49,
  "peak_cpu_memory_MB": 5230.108,
  "training_duration": "0:24:48.961884",
  "training_start_epoch": 0,
  "training_epochs": 53,
  "epoch": 53,
  "training_accuracy": 0.9785454545454545,
  "training_accuracy3": 0.9918181818181818,
  "training_precision-overall": 0.9136363636363631,
  "training_recall-overall": 0.9852941176470583,
  "training_f1-measure-overall": 0.9481132075471194,
  "training_loss": 764.1035766601562,
  "training_cpu_memory_MB": 5230.108,
  "validation_accuracy": 0.9818181818181818,
  "validation_accuracy3": 0.9970909090909091,
  "validation_precision-overall": 0.9272727272727268,
  "validation_recall-overall": 0.9999999999999994,
  "validation_f1-measure-overall": 0.9622641509433457,
  "validation_loss": 711.08984375,
  "best_validation_accuracy": 0.9818181818181818,
  "best_validation_accuracy3": 0.9970909090909091,
  "best_validation_precision-overall": 0.9272727272727268,
  "best_validation_recall-overall": 0.9999999999999994,
  "best_validation_f1-measure-overall": 0.9622641509433457,
  "best_validation_loss": 794.396484375
}